Workbook

Sheet CUSTOS_nominal
A1: key | B1: UF | C1: Estado | D1: Municipio | E1: IBGE | F1: tipo_coluna | G1: 2015-01 | H1: 2015-02 | I1: 2015-03 | J1: 2015-04 | K1: 2015-05 | L1: 2015-06 | M1: 2015-07 | N1: 2015-08 | O1: 2015-09 | P1: 2015-10 | Q1: 2015-11 | R1: 2015-12 | S1: 2016-01 | T1: 2016-02 | U1: 2016-03 | V1: 2016-04 | W1: 2016-05 | X1: 2016-06 | Y1: 2016-07 | Z1: 2016-08 | AA1: 2016-09 | AB1: 2016-10 | AC1: 2016-11 | AD1: 2016-12 | AE1: 2017-01 | AF1: 2017-02 | AG1: 2017-03 | AH1: 2017-04 | AI1: 2017-05 | AJ1: 2017-06 | AK1: 2017-07 | AL1: 2017-08 | AM1: 2017-09 | AN1: 2017-10 | AO1: 2017-11 | AP1: 2017-12 | AQ1: 2018-01 | AR1: 2018-02 | AS1: 2018-03 | AT1: 2018-04 | AU1: 2018-05 | AV1: 2018-06 | AW1: 2018-07 | AX1: 2018-08 | AY1: 2018-09 | AZ1: 2018-10 | BA1: 2018-11 | BB1: 2018-12 | BC1: 2019-01 | BD1: 2019-02 | BE1: 2019-03 | BF1: 2019-04 | BG1: 2019-05 | BH1: 2019-06 | BI1: 2019-07 | BJ1: 2019-08 | BK1: 2019-09 | BL1: 2019-10 | BM1: 2019-11 | BN1: 2019-12
A2: IBGE:2700102 | B2: AL | C2: Alagoas | D2: AGUA BRANCA | E2: 2700102 | F2: MEDIO | G2: 80679.85 | H2: 78209.08 | I2: 78070.85 | J2: 55241.54 | K2: 66738.79 | L2: 74095.39 | M2: 71289.56 | N2: 73931.32 | O2: 73836.82 | P2: 68697.06 | Q2: 49648.1 | R2: 48460.43 | S2: 47178.95 | T2: 49093.17 | U2: 49326.09 | V2: 52187.58 | W2: 62248.33 | X2: 55418.34 | Y2: 54688.93 | Z2: 58623.79 | AA2: 57285.7 | AB2: 71900.07 | AE2: 68592.78 | AF2: 64659.14 | AG2: 112895.59 | AH2: 65361.05 | AI2: 70861.58 | AJ2: 32166.96 | AK2: 0 | AL2: 8326.27 | AM2: 36321.44 | AN2: 40508.02 | AO2: 41476.87 | AQ2: 64447.71 | AR2: 53640.46 | AS2: 60514.55 | AT2: 64844.94 | AU2: 63215.74 | AV2: 64636.08 | AW2: 67714.78 | AX2: 22138.37 | AY2: 55493.68 | AZ2: 63471.91 | BA2: 67159.66 | BB2: 59107.8 | BC2: 67131.29 | BD2: 59095.71 | BE2: 59277.85 | BF2: 64194.34 | BG2: 62775.04 | BH2: 55305.11 | BI2: 53259.71 | BK2: 57549.02 | BL2: 63129.55 | BM2: 58590.35 | BN2: 60434.82
A3: IBGE:2700706 | B3: AL | C3: Alagoas | D3: BATALHA | E3: 2700706 | F3: MEDIO | G3: 61760.38 | H3: 60953.96 | I3: 60929.71 | J3: 43058.62 | K3: 51734.22 | L3: 37642.79 | M3: 44628.34 | N3: 59561.69 | O3: 61629.04 | P3: 58904.53 | Q3: 59164.12 | R3: 66339.49 | S3: 64488.14 | T3: 48932.43 | U3: 59120.06 | V3: 64768.39 | W3: 74791.18 | X3: 61391.83 | Y3: 69281.98 | Z3: 73861.59 | AA3: 71521.91 | AB3: 87249.39 | AE3: 69048.72 | AF3: 80620.55 | AG3: 124592.26 | AH3: 82217.13 | AI3: 71213.51 | AJ3: 44348.53 | AK3: 39676.76 | AL3: 43152.67 | AM3: 42433.9 | AN3: 44126.02 | AO3: 45771.67 | AQ3: 49392.78 | AR3: 41812.24 | AS3: 44810.97 | AT3: 46061.49 | AU3: 44655.05 | AV3: 43838.29 | AW3: 64770.07 | AX3: 26139.71 | AY3: 50497.6 | AZ3: 58458.28 | BA3: 58484.79 | BB3: 58861.52 | BC3: 46010.27 | BD3: 37215.99 | BE3: 42637.97 | BF3: 45726.17 | BG3: 46652.22 | BH3: 46112.92 | BI3: 45827.42 | BJ3: 29068.24 | BK3: 47304.93 | BL3: 46507.97 | BM3: 47424.72 | BN3: 46841.43
A4: IBGE:2501906 | B4: AL | C4: Alagoas | D4: BELEM | E4: 2501906 | F4: MEDIO | G4: 32070.72 | H4: 30597.13 | I4: 30572.88 | J4: 26443.69 | K4: 16110.1 | L4: 30808.14 | M4: 29454.48 | N4: 30377.35 | O4: 32107.4 | P4: 29386.89 | Q4: 36949.79 | R4: 38791.6 | S4: 37510.12 | T4: 31410.84 | U4: 26524.44 | V4: 31088.58 | W4: 41500.08 | X4: 30681.47 | Y4: 35073.61 | Z4: 39510.25 | AA4: 40197.28 | AB4: 55793.77 | AE4: 25634.39 | AF4: 29316.895 | AG4: 50323.135 | AH4: 29413.65 | AI4: 28352.605 | AJ4: 9912.985 | AK4: 9584.735 | AL4: 13606.535 | AM4: 21637.28 | AN4: 20562.79
A5: IBGE:2700904 | B5: AL | C5: Alagoas | D5: BELO MONTE | E5: 2700904 | F5: MEDIO | G5: 36030.23 | H5: 35738.93 | I5: 39714.68 | J5: 31584.68 | K5: 31584.68 | L5: 17988.8 | M5: 29447.34 | N5: 35904.1 | O5: 25637.85 | P5: 22913.34 | Q5: 41775.76 | R5: 46237.39 | S5: 69439.85 | T5: 69507.11 | U5: 65033.63 | V5: 69597.77 | W5: 79263.98 | X5: 64053.6 | Y5: 70207.9 | Z5: 76545.39 | AA5: 77232.42 | AB5: 91482.03 | AE5: 78583.11 | AF5: 80732.61 | AG5: 125732.08 | AH5: 82413.47 | AI5: 52258.58 | AJ5: 28039.38 | AK5: 15058.04 | AL5: 9981.75 | AM5: 35808.12 | AN5: 35691.26 | AO5: 36574.37 | AQ5: 38825.82 | AR5: 33617.45 | AS5: 36699.82 | AT5: 35627.09 | AU5: 36628.54 | AV5: 35210.54 | AW5: 64219.61 | AX5: 33231.64 | AY5: 53246.62 | AZ5: 67353.91 | BA5: 66555.7 | BB5: 65539.43 | BC5: 35209.65 | BD5: 31691.49 | BE5: 33632.27 | BF5: 40562.32 | BG5: 37367.51 | BH5: 36209.21 | BI5: 40742.61 | BJ5: 24413.34 | BK5: 38572.65 | BL5: 72281.36 | BM5: 68487.57 | BN5: 67917.2
A6: IBGE:2701209 | B6: AL | C6: Alagoas | D6: CACIMBINHAS | E6: 2701209 | F6: MEDIO | G6: 0 | H6: 0 | I6: 0 | J6: 0 | K6: 0 | L6: 0 | M6: 0 | N6: 0 | O6: 130832.08 | P6: 166964.19 | Q6: 102879.4 | R6: 130843.29 | S6: 129561.81 | T6: 132666.76 | U6: 131472.22 | V6: 136848.98 | W6: 150503.68 | X6: 137135.51 | Y6: 143397.36 | Z6: 145794.53 | AA6: 145946.27 | AB6: 161026.26 | AE6: 149179.32 | AF6: 153617.16 | AG6: 197703.53 | AH6: 155324.91 | AI6: 165626.2 | AJ6: 25295.75 | AK6: 7764.23 | AL6: 76002.34 | AM6: 143140.18 | AN6: 151059.19 | AO6: 130005.7 | AQ6: 145887.46 | AR6: 126906.38 | AS6: 140196.1 | AT6: 134586.88 | AU6: 128995.69 | AV6: 135497.81 | AW6: 144218.87 | AX6: 55977.45 | AY6: 79330.76 | AZ6: 90448.34 | BA6: 92920.93 | BB6: 83106.51 | BC6: 87114.28 | BD6: 79095.15 | BE6: 78734.94 | BF6: 96752.36 | BG6: 84427.87 | BH6: 71950.57 | BI6: 57420.98 | BJ6: 53545.68 | BK6: 97315.42 | BL6: 119975.97 | BM6: 108420.93 | BN6: 109486.35
A7: IBGE:2701605 | B7: AL | C7: Alagoas | D7: CANAPI | E7: 2701605 | F7: MEDIO | G7: 88305.51 | H7: 71775.01 | I7: 82240.23 | J7: 80809.03 | K7: 82941.85 | L7: 88304.8 | M7: 87316.33 | N7: 88836.87 | O7: 90596.32 | P7: 74113.5 | Q7: 53601.71 | R7: 100922.89 | S7: 96869.17 | T7: 35333.55 | U7: 92465.73 | V7: 98113.17 | W7: 106908.07 | X7: 96089.46 | Y7: 91432.35 | Z7: 100252.8 | AA7: 98506.29 | AB7: 120166.73 | AE7: 157361.29 | AF7: 167091.63 | AG7: 207681.31 | AH7: 164726.99 | AI7: 160618.92 | AJ7: 72589.72 | AK7: 113503.48 | AL7: 11450.14 | AM7: 134855.42 | AN7: 134359.52 | AO7: 131828.47 | AQ7: 136775.29 | AR7: 124196.53 | AS7: 129279.28 | AT7: 137449.58 | AU7: 135005.83 | AV7: 138922.26 | AW7: 153535.95 | AX7: 109739.63 | AY7: 132940.51 | AZ7: 159291.56 | BA7: 154531.05 | BB7: 124319.32 | BC7: 137066.27 | BD7: 143833.31 | BE7: 151328.8 | BF7: 142156.91 | BG7: 171954.33 | BH7: 152877.12 | BI7: 180975.33 | BJ7: 97881.78 | BK7: 171629.87 | BL7: 190712.71 | BM7: 182773.58 | BN7: 190927.71
A8: IBGE:2701803 | B8: AL | C8: Alagoas | D8: CARNEIROS | E8: 2701803 | F8: MEDIO | G8: 32378.33 | H8: 31884.93 | I8: 35211.78 | J8: 31082.59 | K8: 28310.36 | L8: 34727.85 | M8: 33564.54 | N8: 32991.7 | O8: 36250.45 | P8: 33525.94 | Q8: 27884.34 | R8: 33399.48 | S8: 32118 | T8: 35213.61 | U8: 30327.21 | V8: 34891.35 | W8: 44060.79 | X8: 33515.38 | Y8: 37968.74 | Z8: 41896.71 | AA8: 41019.15 | AB8: 58180.23 | AE8: 45586.36 | AF8: 52796.71 | AG8: 94139.62 | AH8: 51042.12 | AI8: 51419.39 | AJ8: 12969.3 | AK8: 0 | AL8: 15790.85 | AM8: 25177.72 | AN8: 24611.01 | AO8: 26762.12 | AQ8: 28804.04 | AR8: 22729.6 | AS8: 25905.79 | AT8: 27963.81 | AU8: 25824.02 | AV8: 28175.85 | AW8: 31373 | AX8: 14341.7 | AY8: 24148.4 | AZ8: 30819.2 | BA8: 31077.65 | BB8: 27926.32 | BC8: 45342.92 | BD8: 37309.36 | BE8: 38552.93 | BF8: 47434.82 | BG8: 43854.3 | BH8: 44083.66 | BI8: 35009.48 | BJ8: 20437.65 | BK8: 40384.99 | BL8: 47119.56 | BM8: 42098.74 | BN8: 39076.97
A9: IBGE:2702009 | B9: AL | C9: Alagoas | D9: COITE DO NOIA | E9: 2702009 | F9: MEDIO | G9: 22475.43 | H9: 21841.03 | I9: 21605.38 | J9: 17687.59 | K9: 16301 | L9: 21919.88 | M9: 20735.42 | N9: 21150.05 | O9: 22909.5 | P9: 20184.99 | Q9: 27396.28 | R9: 29238.09 | S9: 27956.61 | T9: 29084.72 | U9: 24872.03 | V9: 29031.01 | W9: 39241.87 | X9: 28175.19 | Y9: 32815.4 | Z9: 36302.96 | AA9: 36476.7 | AB9: 52586.48 | AE9: 40261.64 | AF9: 47562.01 | AG9: 88904.92 | AH9: 45807.42 | AI9: 42527.23 | AJ9: 10161.17 | AK9: 6512.63 | AL9: 12049.12 | AM9: 19065.21 | AN9: 18892.78 | AO9: 18541.59 | AQ9: 19755.62 | AR9: 17098.8 | AS9: 18477.68 | AT9: 16660.63 | AU9: 17005.49 | AY9: 11656.29 | AZ9: 19917.33 | BA9: 15822.27 | BB9: 16678.13 | BC9: 21231.33 | BD9: 16193.83 | BE9: 18278.08 | BF9: 19177.02 | BG9: 20637.88 | BH9: 18954.5 | BK9: 19146.59 | BL9: 21856.58 | BM9: 18573.66 | BN9: 16402.08
A10: IBGE:2702355 | B10: AL | C10: Alagoas | D10: CRAIBAS | E10: 2702355 | F10: MEDIO | G10: 57068.84 | H10: 56458.88 | I10: 56046.88 | J10: 42698.41 | K10: 50907.49 | L10: 56635.49 | M10: 55281.83 | N10: 54966.08 | O10: 57305.98 | P10: 45520.97 | Q10: 43611.42 | R10: 45857.43 | S10: 44336.95 | T10: 47349.32 | U10: 42856.51 | V10: 47420.65 | W10: 56913.27 | X10: 46295.44 | Y10: 50923.13 | Z10: 55351.71 | AA10: 52783.24 | AB10: 72005.77 | AE10: 58019.31 | AF10: 63523.16 | AG10: 106094.08 | AH10: 63238.48 | AI10: 57331.12 | AJ10: 14561.09 | AK10: 7434.56 | AL10: 21979.5 | AM10: 36966.61 | AN10: 35957.39 | AO10: 35273.33 | AQ10: 37384.23 | AR10: 32155.48 | AS10: 33384.64 | AT10: 31831.73 | AU10: 32983.21 | AY10: 29224.87 | AZ10: 44124.6 | BA10: 38771.45 | BB10: 40305.72 | BC10: 44115.99 | BD10: 35403.55 | BE10: 39133.75 | BF10: 44462.65 | BG10: 43056.13 | BH10: 43146.29 | BI10: 35904.24 | BJ10: 12448.75 | BK10: 36310.18 | BL10: 45382.94 | BM10: 40073.47 | BN10: 35035.45
A11: IBGE:2702405 | B11: AL | C11: Alagoas | D11: DELMIRO GOUVEIA | E11: 2702405 | F11: MEDIO | G11: 24551.89 | H11: 29042.37 | I11: 30636.81 | J11: 26507.52 | K11: 23002.18 | L11: 31359.36 | M11: 29690.8 | N11: 27762.48 | O11: 31823.23 | P11: 18988.84 | Q11: 22016.85 | R11: 21953.18 | S11: 20671.66 | T11: 25621.38 | U11: 21206.38 | V11: 25770.52 | W11: 35774.6 | X11: 25093.69 | Y11: 29348.13 | Z11: 32973.39 | AA11: 33302.32 | AB11: 49256.91 | AE11: 36477.14 | AF11: 42664.99 | AG11: 83855.72 | AH11: 40758.22 | AI11: 39191.29 | AJ11: 12187.08 | AK11: 13653.53 | AL11: 12711.23 | AM11: 12352.39 | AN11: 12906.78 | AO11: 12218.59 | AQ11: 13809.86 | AR11: 11611.52 | AS11: 12503.05 | AT11: 10712.04 | AU11: 10785.67 | AV11: 10997.73 | AW11: 12477.71 | AX11: 7888.91 | AY11: 8140.31 | AZ11: 13724.52 | BA11: 14582.83 | BB11: 13145.57 | BC11: 13015.61 | BD11: 9532.13 | BE11: 10625.48 | BF11: 12648.07 | BG11: 12947.85 | BH11: 10771.13 | BI11: 14209.81 | BJ11: 10402.93 | BK11: 10466.65 | BL11: 13300.63 | BM11: 10546.47 | BN11: 9656.18
A12: IBGE:2702504 | B12: AL | C12: Alagoas | D12: DOIS RIACHOS | E12: 2702504 | F12: MEDIO | G12: 62697.09 | H12: 64089.8 | I12: 64065.55 | J12: 59936.36 | K12: 58754.14 | L12: 58101.42 | M12: 50861.52 | N12: 45879.32 | O12: 48813.55 | P12: 54123.94 | Q12: 108989.77 | R12: 62894.46 | S12: 62926.07 | T12: 59745.94 | U12: 63472.74 | V12: 69028.36 | W12: 80230.39 | X12: 64668.61 | Y12: 73803.92 | Z12: 77817.05 | AA12: 78504.08 | AB12: 93740.22 | AE12: 81752.49 | AF12: 87190.88 | AG12: 127304.87 | AH12: 86280.9 | AI12: 85343.35 | AJ12: 49003.45 | AK12: 35208.79 | AL12: 54365.71 | AM12: 53398.49 | AN12: 61315.14 | AO12: 55224.97 | AQ12: 61994.65 | AR12: 46291.01 | AS12: 56673.28 | AT12: 58733.45 | AU12: 57666.69 | AV12: 54539.21 | AW12: 55042.62 | AX12: 29788.26 | AY12: 48630.83 | AZ12: 60117.83 | BA12: 54283.28 | BB12: 56629.86 | BC12: 58695.16 | BD12: 49445.49 | BE12: 53571.93 | BF12: 62546.51 | BG12: 63495.17 | BH12: 63117.86 | BI12: 56730.98 | BJ12: 31692.16 | BK12: 63274.06 | BL12: 57207.48 | BM12: 58784.01 | BN12: 58952.92
A13: IBGE:2702553 | B13: AL | C13: Alagoas | D13: ESTRELA DE ALAGOAS | E13: 2702553 | F13: MEDIO | G13: 160980.61 | H13: 161237.86 | I13: 143687.49 | J13: 139558.03 | K13: 143946.18 | L13: 145792.84 | M13: 157743 | N13: 147110.44 | O13: 148244.69 | P13: 133359.35 | Q13: 138066.91 | R13: 15468.58 | S13: 114187.1 | T13: 122247.57 | U13: 133701.46 | V13: 137848.61 | W13: 147720.85 | X13: 136022.04 | Y13: 138865.94 | Z13: 142200.59 | AA13: 142136.89 | AB13: 154254.78 | AE13: 206796.16 | AF13: 204491.37 | AG13: 255901.83 | AH13: 212362.88 | AI13: 206318.85 | AJ13: 42250.54 | AK13: 0 | AL13: 88470.93 | AM13: 180662.78 | AN13: 172783.82 | AO13: 150748.45 | AQ13: 157085.33 | AR13: 137950.84 | AS13: 148169.39 | AT13: 156671.37 | AU13: 148538.64 | AV13: 150057.15 | AW13: 161988.39 | AX13: 110931.45 | AY13: 142147.52 | AZ13: 147259.75 | BA13: 151611.63 | BB13: 152188.84 | BC13: 159748.26 | BD13: 178947.82 | BE13: 187837.35 | BF13: 196773.16 | BG13: 211832.41 | BH13: 193631.2 | BI13: 120678.77 | BJ13: 114508.77 | BK13: 207994.13 | BL13: 214852.05 | BM13: 209658.91 | BN13: 211480.14
A14: IBGE:2702900 | B14: AL | C14: Alagoas | D14: GIRAU DO PONCIANO | E14: 2702900 | F14: MEDIO | G14: 0 | H14: 0 | I14: 0 | J14: 0 | K14: 0 | L14: 0 | M14: 0 | N14: 0 | O14: 0 | P14: 0 | Q14: 206567.33 | R14: 278383.63 | S14: 277807.41 | T14: 302148.88 | U14: 231446.17 | V14: 292561.59 | W14: 305663.43 | X14: 292110.51 | Y14: 289906.43 | Z14: 303960.99 | AA14: 303111.57 | AB14: 318262.99 | AE14: 220023.19 | AF14: 184363.45 | AG14: 264605.56 | AH14: 207285.07 | AI14: 161729.11 | AJ14: 26550.62 | AK14: 0 | AL14: 100982.08 | AM14: 177159.39 | AN14: 163710.27 | AO14: 154554.82 | AQ14: 167978.48 | AR14: 145911.07 | AS14: 150528.56 | AT14: 166955.33 | AU14: 163173.54 | AY14: 148312.43 | AZ14: 162915.1 | BA14: 166244.56 | BB14: 160734.32 | BC14: 174696.51 | BD14: 147354.03 | BE14: 152451.35 | BF14: 181418.97 | BG14: 181838.93 | BH14: 175451.85 | BI14: 176528.7 | BJ14: 102203.61 | BK14: 179691.9 | BL14: 178993.33 | BM14: 178293.87 | BN14: 180231.44
A15: IBGE:2703106 | B15: AL | C15: Alagoas | D15: IGACI | E15: 2703106 | F15: MEDIO | Q15: 134034.59 | R15: 179039.01 | S15: 177811.95 | T15: 119379.96 | U15: 126841.55 | V15: 151410.41 | W15: 160833.15 | X15: 148233.45 | Y15: 150968.94 | Z15: 159037.76 | AA15: 149957.13 | AB15: 174752.09 | AE15: 156968.42 | AF15: 161487.05 | AG15: 207439.01 | AH15: 161876.91 | AI15: 128346.34 | AJ15: 19119.37 | AK15: 0 | AL15: 63244.13 | AM15: 115251.79 | AN15: 120047.11 | AO15: 98428.29 | AQ15: 115447.87 | AR15: 109018.87 | AS15: 114815.94 | AT15: 118454.91 | AU15: 119155.2 | AY15: 112618.48 | AZ15: 118199.65 | BA15: 119626 | BB15: 120532.89 | BC15: 116862.59 | BD15: 105847.96 | BE15: 113467.95 | BF15: 125962.43 | BG15: 124233.27 | BH15: 123367.82 | BI15: 78668.37 | BJ15: 65769.58 | BK15: 117801.66 | BL15: 121023.25 | BM15: 119137.76 | BN15: 115142.49
A16: IBGE:2703304 | B16: AL | C16: Alagoas | D16: INHAPI | E16: 2703304 | F16: MEDIO | G16: 65684.65 | H16: 58605.84 | I16: 64470.59 | J16: 50908.05 | K16: 59528.94 | L16: 64605.52 | M16: 58997.89 | N16: 64349.25 | O16: 64855.59 | P16: 63120.15 | Q16: 41675.04 | R16: 50927.91 | S16: 49646.43 | T16: 48489.36 | U16: 44268.16 | V16: 48865.29 | W16: 60481.01 | X16: 49662.4 | Y16: 50785.68 | Z16: 55866.64 | AA16: 53775.18 | AB16: 73392.26 | AE16: 61175.82 | AF16: 68335.17 | AG16: 108724.07 | AH16: 65914.69 | AI16: 65197.6 | AJ16: 7598.74 | AK16: 30024.3 | AL16: 28678.59 | AM16: 31875.24 | AN16: 37713.5 | AO16: 51244.68 | AQ16: 55583.8 | AR16: 49931.16 | AS16: 51754.4 | AT16: 47534.15 | AU16: 45793.88 | AV16: 45094.69 | AW16: 53669.68 | AX16: 21423.07 | AY16: 44588.94 | AZ16: 46080.88 | BA16: 53250.1 | BB16: 49772.05 | BC16: 53916.54 | BD16: 46369.27 | BE16: 47094.24 | BF16: 54323.36 | BG16: 54648.34 | BH16: 43467.15 | BI16: 47884.11 | BK16: 49417.5 | BL16: 56170.66 | BM16: 50038.51 | BN16: 48879.94
A17: IBGE:2703403 | B17: AL | C17: Alagoas | D17: JACARE DOS HOMENS | E17: 2703403 | F17: MEDIO | G17: 18663.26 | H17: 17564.03 | I17: 16350.38 | J17: 12221.49 | K17: 12336.94 | L17: 18246.83 | M17: 16893.17 | N17: 17236.36 | O17: 18995.81 | P17: 16271.3 | Q17: 25148.7 | R17: 39914.57 | S17: 52594.22 | T17: 21637.09 | U17: 20471.2 | V17: 25253.82 | W17: 33368.83 | X17: 19764.04 | Y17: 21058.56 | Z17: 32766.67 | AA17: 33453.7 | AB17: 49050.19 | AE17: 37708.55 | AF17: 45237.54 | AG17: 85545.32 | AH17: 42447.82 | AI17: 38130.16 | AJ17: 9486.51 | AK17: 0 | AL17: 8632.86 | AM17: 14227.97 | AN17: 13811.52 | AO17: 14182.01 | AQ17: 15863.61 | AR17: 13222.46 | AS17: 14308.57 | AT17: 12835.89 | AU17: 12485.91 | AV17: 12692.54 | AW17: 13640.83 | AX17: 7239.35 | AY17: 8348.33 | AZ17: 12647.05 | BA17: 12514.07 | BB17: 12064.78 | BC17: 13213.61 | BD17: 10389.85 | BE17: 11608.96 | BF17: 13165.73 | BG17: 13638.65 | BH17: 11957.07 | BI17: 14254.59 | BJ17: 10236.31 | BK17: 12578.46 | BL17: 14600.96 | BM17: 11515.47 | BN17: 11347.72
A18: IBGE:2703700 | B18: AL | C18: Alagoas | D18: JARAMATAIA | E18: 2703700 | F18: MEDIO | G18: 50870.65 | H18: 57861.46 | I18: 57837.11 | J18: 53707.92 | K18: 51685.81 | L18: 57731.06 | M18: 56377.4 | N18: 58043.17 | O18: 58205.09 | P18: 27055.92 | Q18: 27381.39 | R18: 29223.2 | S18: 27941.72 | T18: 51466.63 | U18: 48198.77 | V18: 52762.91 | W18: 62472.94 | X18: 51264.09 | Y18: 55656.23 | Z18: 61125.4 | AA18: 61812.43 | AB18: 75546.64 | AE18: 64742.45 | AF18: 72387.72 | AG18: 114180.84 | AH18: 71083.34 | AI18: 65020.06 | AJ18: 43679.98 | AK18: 41719.54 | AL18: 38001.58 | AM18: 44181.83 | AN18: 43110.17 | AO18: 48139.22 | AQ18: 52668.68 | AR18: 43689 | AS18: 48231.28 | AT18: 41558.4 | AU18: 42515.39 | AV18: 46935.36 | AW18: 42647.2 | AX18: 18440.11 | AY18: 42511.04 | AZ18: 50630.04 | BA18: 47798.99 | BB18: 47636.07 | BC18: 52780.23 | BD18: 45245.25 | BE18: 50636.76 | BF18: 58686.97 | BG18: 58040.79 | BH18: 53510.33 | BI18: 65892.49 | BJ18: 41156.59 | BK18: 68763.72 | BL18: 65609.21 | BM18: 64142.73 | BN18: 63960.63
A19: IBGE:2704104 | B19: AL | C19: Alagoas | D19: LAGOA DA CANOA | E19: 2704104 | F19: MEDIO | G19: 40061.89 | H19: 42562.63 | I19: 42800.64 | J19: 38671.45 | K19: 36812.66 | L19: 42540.66 | M19: 41187 | N19: 42024.63 | O19: 43441.92 | P19: 24899.57 | Q19: 31832.48 | R19: 34764.69 | S19: 33483.21 | T19: 36115.02 | U19: 32078.86 | V19: 36769.23 | W19: 46243.66 | X19: 35249.6 | Y19: 38174.87 | Z19: 45201.77 | AA19: 45001.62 | AB19: 61210.11 | AE19: 64838 | AF19: 64612.8 | AG19: 113311.26 | AH19: 70213.76 | AI19: 67309.25 | AJ19: 13511.41 | AK19: 0 | AL19: 25562.07 | AM19: 45450.38 | AN19: 44966.58 | AO19: 20956.4 | AQ19: 28164.63 | AR19: 24089.23 | AS19: 25943.71 | AT19: 24700.36 | AU19: 25534.85 | AY19: 21528.79 | AZ19: 25527.99 | BA19: 26356.76 | BB19: 26600.37 | BC19: 30517.46 | BD19: 24076.77 | BE19: 27454.59 | BF19: 30231.68 | BG19: 31283.08 | BH19: 28146.35 | BI19: 34416.47 | BK19: 29260.43 | BL19: 33945.94 | BM19: 29631.91 | BN19: 28386.17
A20: IBGE:2704401 | B20: AL | C20: Alagoas | D20: MAJOR IZIDORO | E20: 2704401 | F20: MEDIO | G20: 56172.52 | H20: 83075.45 | I20: 92954.23 | J20: 70810.52 | K20: 75494.84 | L20: 82680.07 | M20: 81772.91 | N20: 69981.64 | O20: 78851.72 | P20: 53122.12 | Q20: 127481.66 | R20: 116198.2 | S20: 114916.72 | T20: 121206.04 | U20: 116830.08 | V20: 129227.65 | W20: 145932.24 | X20: 118913.67 | Y20: 125787.42 | Z20: 142264.89 | AA20: 137753.71 | AB20: 158406.17 | AE20: 149675.14 | AF20: 136380.18 | AG20: 196043.14 | AH20: 151750.12 | AI20: 138436.65 | AJ20: 28235.62 | AK20: 7687.85 | AL20: 59227.92 | AM20: 104044.66 | AN20: 88424.27 | AO20: 100577.77 | AQ20: 102039.13 | AR20: 100940.34 | AS20: 100694.97 | AT20: 109342.55 | AU20: 112410.06 | AV20: 106117.83 | AW20: 97632.91 | AX20: 45367.99 | AY20: 103414.73 | AZ20: 112935.12 | BA20: 111106.83 | BB20: 99584.41 | BC20: 107039.05 | BD20: 97748.24 | BE20: 103594.25 | BF20: 104045.63 | BG20: 116400.39 | BH20: 97747.93 | BI20: 110858.93 | BJ20: 65304.76 | BK20: 124722.44 | BL20: 167245.53 | BM20: 159625.85 | BN20: 161577.56
A21: IBGE:2704609 | B21: AL | C21: Alagoas | D21: MARAVILHA | E21: 2704609 | F21: MEDIO | G21: 90094.95 | H21: 84785.78 | I21: 84761.28 | J21: 82429.32 | K21: 81328.71 | L21: 88664.11 | M21: 93767.78 | N21: 74736.24 | O21: 97526.83 | P21: 67449.72 | Q21: 91118.9 | R21: 71167.75 | S21: 69886.27 | T21: 104896.88 | U21: 86031.95 | V21: 95674 | W21: 105972.41 | X21: 90185.5 | Y21: 98871.72 | Z21: 102839.23 | AA21: 107891.57 | AB21: 121322.46 | AE21: 116924.47 | AF21: 124648.18 | AG21: 166467.01 | AH21: 123369.51 | AI21: 119222.18 | AJ21: 94648.55 | AK21: 62128.38 | AL21: 44382.56 | AM21: 93896.27 | AN21: 91286.04 | AO21: 86591.92 | AQ21: 92547.4 | AR21: 78630.69 | AS21: 84758.93 | AT21: 88928.18 | AU21: 88761.18 | AV21: 86264.94 | AW21: 89248.74 | AX21: 79234.99 | AY21: 78544.49 | AZ21: 87899.28 | BA21: 80979.81 | BB21: 82680.11 | BC21: 92254.53 | BD21: 78003.27 | BE21: 82940.89 | BF21: 97206.12 | BG21: 96093.01 | BH21: 84648.35 | BI21: 105967.8 | BJ21: 61251.35 | BK21: 88450.22 | BL21: 94591.85 | BM21: 86042.65 | BN21: 86440.56
A22: IBGE:2705002 | B22: AL | C22: Alagoas | D22: MATA GRANDE | E22: 2705002 | F22: MEDIO | G22: 77792.79 | H22: 58795.73 | I22: 72575.61 | J22: 67944.46 | K22: 78266.05 | L22: 73756.03 | M22: 50296.83 | N22: 73624 | O22: 76792.88 | P22: 73852.17 | Q22: 26203.08 | R22: 72891.76 | S22: 71610.28 | T22: 75767.6 | U22: 71226.14 | V22: 75790.27 | W22: 85777.22 | X22: 74316.78 | Y22: 69698.73 | Z22: 77065.39 | AA22: 76054.75 | AB22: 90730.43 | AE22: 85132.08 | AF22: 95671.63 | AG22: 134935.23 | AH22: 91971.74 | AI22: 86138.1 | AJ22: 61398.17 | AK22: 64032.78 | AL22: 11587.54 | AM22: 68135.2 | AN22: 65763.42 | AO22: 62998.01 | AQ22: 80888.16 | AR22: 71785.95 | AS22: 73377.91 | AT22: 76308.38 | AU22: 77490.79 | AV22: 74731.97 | AW22: 81593.98 | AX22: 44103.8 | AY22: 69369.01 | AZ22: 92549.16 | BA22: 84535.6 | BB22: 86289.17 | BC22: 80320.48 | BD22: 76672.9 | BE22: 82425.29 | BF22: 91831.08 | BG22: 90024.03 | BH22: 68747.48 | BI22: 83825.57 | BJ22: 53111.32 | BK22: 78465.88 | BL22: 87837.1 | BM22: 82494.89 | BN22: 81757.51
A23: IBGE:2705309 | B23: AL | C23: Alagoas | D23: MINADOR DO NEGRAO | E23: 2705309 | F23: MEDIO | G23: 0 | H23: 0 | I23: 0 | J23: 0 | K23: 0 | L23: 0 | M23: 0 | N23: 0 | O23: 0 | P23: 0 | Q23: 66203.1 | R23: 68199.07 | S23: 66917.59 | T23: 58525.74 | U23: 50117.32 | V23: 65755.95 | W23: 82359.81 | X23: 71057.08 | Y23: 75933.34 | Z23: 72548.34 | AA23: 73353.76 | AB23: 86689.39 | AE23: 96027.36 | AF23: 94640.48 | AG23: 141084.05 | AH23: 96357.54 | AI23: 96474.97 | AJ23: 16588.81 | AK23: 7515.27 | AL23: 39817.7 | AM23: 64958.68 | AN23: 69233.17 | AO23: 59303.08 | AQ23: 60609.57 | AR23: 52946.29 | AS23: 57566.61 | AT23: 58375.23 | AU23: 45533.75 | AV23: 43783.33 | AW23: 60972.17 | AX23: 42921.6 | AY23: 51155.01 | AZ23: 58605.36 | BA23: 55950.01 | BB23: 53993.09 | BC23: 59871.93 | BD23: 48823.62 | BE23: 57107.21 | BF23: 61421.47 | BG23: 59989 | BH23: 50302.77 | BI23: 48398.54 | BK23: 56269.63 | BL23: 62971.99 | BM23: 58762.03 | BN23: 56519.58
A24: IBGE:2705408 | B24: AL | C24: Alagoas | D24: MONTEIROPOLIS | E24: 2705408 | F24: MEDIO | G24: 22189.17 | H24: 30197.4 | I24: 37331.25 | J24: 33522.76 | K24: 31390.98 | L24: 33515.02 | M24: 35209 | N24: 16560.51 | O24: 3434.4 | P24: 28789.75 | Q24: 22728.2 | R24: 34762.62 | S24: 33481.14 | T24: 27280.83 | U24: 28507.01 | V24: 33071.15 | W24: 42321.28 | X24: 35593.3 | Y24: 39453.72 | Z24: 46421.46 | AA24: 46926.21 | AB24: 62704.98 | AE24: 47523.39 | AF24: 51589.53 | AG24: 94952.71 | AH24: 50945.14 | AI24: 48623.28 | AJ24: 10330.75 | AK24: 0 | AL24: 17045.57 | AM24: 25367.05 | AN24: 26447.61 | AO24: 28201.22 | AQ24: 29477.59 | AR24: 25399.79 | AS24: 27285.35 | AT24: 26380.93 | AU24: 25946.91 | AV24: 23028.88 | AW24: 26893.81 | AX24: 12995.02 | AY24: 21658.8 | AZ24: 28233.96 | BA24: 28547.42 | BB24: 19509.17 | BC24: 23663.88 | BD24: 22986.18 | BE24: 24231.41 | BF24: 26674.32 | BG24: 25856.04 | BH24: 21428.24 | BI24: 12764.93 | BK24: 12864.69 | BL24: 20613.46 | BM24: 22610.35 | BN24: 21722.88
A25: IBGE:2705804 | B25: AL | C25: Alagoas | D25: OLHO D AGUA DO CASADO | E25: 2705804 | F25: MEDIO | G25: 43559.16 | H25: 42924.76 | I25: 49321.19 | J25: 33835.42 | K25: 46252.14 | L25: 51710.14 | M25: 46018.6 | N25: 49895.49 | O25: 50188.54 | P25: 41267.08 | Q25: 27354.85 | R25: 32650.97 | S25: 31369.49 | T25: 38569.84 | U25: 33683.44 | V25: 38247.58 | W25: 49370.02 | X25: 38551.41 | Y25: 42943.55 | Z25: 46452.31 | AA25: 46933.22 | AB25: 62735.83 | AE25: 48186.95 | AF25: 56984.35 | AG25: 98327.25 | AH25: 55229.76 | AI25: 53193.87 | AJ25: 18163.5 | AK25: 25026.14 | AL25: 26708.76 | AM25: 27399.23 | AN25: 26681.93 | AO25: 25011.79 | AQ25: 27729.36 | AR25: 22792.7 | AS25: 25820.39 | AT25: 23071.42 | AU25: 24821.82 | AV25: 23640.85 | AW25: 26247.19 | AX25: 12727.58 | AY25: 19680.89 | AZ25: 27744.67 | BA25: 25944.4 | BB25: 24065.87 | BC25: 26543.75 | BD25: 21436.33 | BE25: 23574.25 | BF25: 27236.84 | BG25: 26539.37 | BH25: 25885.53 | BI25: 17215.58 | BK25: 24642.85 | BL25: 30891.18 | BM25: 24411.89 | BN25: 22414.38
A26: IBGE:2705705 | B26: AL | C26: Alagoas | D26: OLHO D`AGUA DAS FLORES | E26: 2705705 | F26: MEDIO | G26: 30966.45 | H26: 30116.82 | I26: 30092.57 | J26: 25963.35 | K26: 24252.14 | L26: 27653.88 | M26: 20791 | N26: 27081.69 | O26: 30826.39 | P26: 28102.38 | Q26: 32809.94 | R26: 29635.81 | S26: 28354.33 | T26: 27590.74 | U26: 24833.09 | V26: 29608.27 | W26: 40573.3 | X26: 29754.69 | Y26: 33833.67 | Z26: 37634.39 | AA26: 38321.42 | AB26: 53917.91 | AE26: 55347.03 | AF26: 63363.18 | AG26: 104706.1 | AH26: 58986.37 | AI26: 57680.39 | AJ26: 14532.45 | AK26: 0 | AL26: 18872.24 | AM26: 29290.16 | AN26: 24246.68 | AO26: 23730.31 | AQ26: 25390.48 | AR26: 21382.85 | AS26: 24210.47 | AT26: 21842.89 | AU26: 22453.35 | AV26: 23097.73 | AW26: 26129.65 | AX26: 14357.93 | AY26: 18597.37 | AZ26: 24419.25 | BA26: 24702.76 | BB26: 21167.86 | BC26: 21581.27 | BD26: 19283.91 | BE26: 21137.4 | BF26: 25275.56 | BG26: 22396.46 | BH26: 21972.8 | BI26: 21276.97 | BK26: 22192.96 | BL26: 29364.47 | BM26: 23867.32 | BN26: 23066.07
A27: IBGE:2706000 | B27: AL | C27: Alagoas | D27: OLIVENCA | E27: 2706000 | F27: MEDIO | G27: 75976.09 | H27: 66211.62 | I27: 66211.62 | J27: 62798.38 | K27: 60480.07 | L27: 66501.82 | M27: 65514.07 | N27: 69816.3 | O27: 66189.86 | P27: 64810.05 | Q27: 63966 | R27: 66315.08 | S27: 65033.6 | T27: 56935.1 | U27: 60015.83 | V27: 61555.67 | W27: 73658.87 | X27: 62779.2 | Y27: 66148.64 | Z27: 72297.88 | AA27: 67776.63 | AB27: 87406.75 | AE27: 76150.06 | AF27: 82632.98 | AG27: 127302.91 | AH27: 83729.63 | AI27: 96940.84 | AJ27: 24339.35 | AK27: 0 | AL27: 22353.53 | AM27: 75291.88 | AN27: 70219.71 | AO27: 70247.88 | AQ27: 70990.43 | AR27: 67585.39 | AS27: 71183.38 | AT27: 73054.56 | AU27: 63761.79 | AV27: 67268.43 | AW27: 72734.46 | AX27: 30799.61 | AY27: 63377.32 | AZ27: 69315.38 | BA27: 72552.78 | BB27: 64802.9 | BC27: 69041.95 | BD27: 55051.81 | BE27: 60734.11 | BF27: 69443.97 | BG27: 69778.41 | BH27: 66185.19 | BI27: 70009.66 | BJ27: 42911.35 | BK27: 76887.39 | BL27: 71304.57 | BM27: 61519.88 | BN27: 60528
A28: IBGE:2706109 | B28: AL | C28: Alagoas | D28: OURO BRANCO | E28: 2706109 | F28: MEDIO | G28: 82806.08 | H28: 75582.48 | I28: 72162.47 | J28: 75233.68 | K28: 59585.1 | L28: 83918.99 | M28: 65720.53 | N28: 83466.35 | O28: 84366.7 | P28: 49865.55 | Q28: 51770.87 | R28: 41003 | S28: 51975.45 | T28: 52707.69 | U28: 48296.13 | V28: 52860.27 | W28: 63548.07 | X28: 52729.46 | Y28: 57121.6 | Z28: 63194.77 | AA28: 63881.8 | AB28: 79478.29 | AE28: 62051.47 | AF28: 67017.98 | AG28: 110727.59 | AH28: 67630.09 | AI28: 65155.75 | AJ28: 40440.17 | AK28: 41419.17 | AL28: 41109.45 | AM28: 42376.22 | AN28: 39980.4 | AO28: 34463.9 | AQ28: 39298.69 | AR28: 31663.07 | AS28: 34492.55 | AT28: 82183.33 | AU28: 82148.37 | AV28: 78265.6 | AW28: 84193.56 | AX28: 55317.3 | AY28: 72229.51 | AZ28: 85642.24 | BA28: 84633.23 | BB28: 76887.03 | BC28: 93242.97 | BD28: 73015.47 | BE28: 82031.34 | BF28: 104389.19 | BG28: 95784.57 | BH28: 93397.47 | BI28: 101576.55 | BJ28: 57516.08 | BK28: 92191.98 | BL28: 93885.92 | BM28: 88085.31 | BN28: 95903.63
A29: IBGE:2706406 | B29: AL | C29: Alagoas | D29: PAO DE ACUCAR | E29: 2706406 | F29: MEDIO | G29: 85249.1 | H29: 83584.51 | I29: 54587.23 | J29: 82417.49 | K29: 72699.74 | L29: 84581.39 | M29: 67.97 | N29: 67250.94 | O29: 77776.92 | P29: 73775.33 | Q29: 60499.79 | R29: 79503.89 | S29: 78222.41 | T29: 57931.59 | U29: 70165.06 | V29: 82980.58 | W29: 81565.07 | X29: 71483.81 | Y29: 72133.47 | Z29: 89776.06 | AA29: 83554.1 | AB29: 96303.36 | AE29: 71307.29 | AF29: 75509.27 | AG29: 119950.36 | AH29: 83076.74 | AI29: 71591.97 | AJ29: 20571.63 | AK29: 11544.26 | AL29: 24132.69 | AM29: 38172.19 | AN29: 43458.21 | AO29: 45567.49 | AQ29: 56277.44 | AR29: 42773.17 | AS29: 51909.88 | AT29: 55028.85 | AU29: 56970.14 | AV29: 54473.85 | AW29: 52755.22 | AX29: 21239.81 | AY29: 45532.57 | AZ29: 60980.66 | BA29: 66506.16 | BB29: 56356.79 | BC29: 62321.74 | BD29: 49026.27 | BE29: 47108.09 | BF29: 53745.4 | BG29: 60015.79 | BH29: 57834.92 | BI29: 47856.59 | BJ29: 36782.26 | BK29: 63114.08 | BL29: 67425.68 | BM29: 59315.38 | BN29: 33609.87
A30: IBGE:2706422 | B30: AL | C30: Alagoas | D30: PARICONHA | E30: 2706422 | F30: MEDIO | G30: 41159.82 | H30: 38982.17 | I30: 40584.62 | J30: 36455.43 | K30: 34123.26 | L30: 39315.76 | M30: 38497.9 | N30: 38691.16 | O30: 40018.21 | P30: 37867.1 | Q30: 35828.5 | R30: 37244.82 | S30: 35963.34 | T30: 37281.88 | U30: 32517.68 | V30: 36959.63 | W30: 47186.4 | X30: 36367.79 | Y30: 35747.35 | Z30: 44400.99 | AA30: 42400.45 | AB30: 59903.1 | AE30: 48064.02 | AF30: 54451.41 | AG30: 96720.96 | AH30: 51870.8 | AI30: 61788.37 | AJ30: 35261.65 | AK30: 34208.05 | AL30: 10451.66 | AM30: 18922.92 | AN30: 20353.75 | AO30: 20226.65 | AQ30: 30498.63 | AR30: 26114.18 | AS30: 28825.07 | AT30: 28154.66 | AU30: 27164.34 | AV30: 26810.87 | AW30: 30546.74 | AX30: 15344.22 | AY30: 23049.11 | AZ30: 29046.88 | BA30: 29345.28 | BB30: 24931.94 | BC30: 30455.23 | BD30: 24320.01 | BE30: 26873.86 | BF30: 28183.93 | BG30: 27725.61 | BH30: 23996.98 | BI30: 17397.73 | BJ30: 16467.1 | BK30: 23366.44 | BL30: 30881.21 | BM30: 26400.98 | BN30: 24355.6
A31: IBGE:2707107 | B31: AL | C31: Alagoas | D31: PIRANHAS | E31: 2707107 | F31: MEDIO | G31: 38605.36 | H31: 43912.23 | I31: 42525.92 | J31: 41962.62 | K31: 28804.33 | L31: 48433.37 | M31: 47342.12 | N31: 57130.2 | O31: 46595.15 | P31: 47628.76 | Q31: 38448.58 | R31: 40050.59 | S31: 38769.11 | T31: 51483.87 | U31: 34937.27 | V31: 51161.96 | W31: 61725.81 | X31: 50699.36 | Y31: 55299.33 | Z31: 59563.43 | AA31: 53287.98 | AB31: 69868.91 | AE31: 58394.13 | AF31: 68659.19 | AG31: 110256.2 | AH31: 66618.97 | AI31: 65709.89 | AJ31: 13162.23 | AK31: 41195.23 | AL31: 37253.96 | AM31: 40855.59 | AN31: 38597.6 | AO31: 37800.91 | AQ31: 41468.01 | AR31: 35469.18 | AS31: 39628.06 | AT31: 40480.96 | AU31: 39581.97 | AV31: 41108.62 | AW31: 43320.73 | AX31: 23551.37 | AY31: 34641.99 | AZ31: 39955.79 | BA31: 44626.69 | BB31: 39396.33 | BC31: 42200.65 | BD31: 35449.05 | BE31: 38112.44 | BF31: 39607.31 | BG31: 43152.59 | BH31: 37497.1 | BI31: 43143.86 | BJ31: 24900.81 | BK31: 39138.18 | BL31: 50534.63 | BM31: 43517.36 | BN31: 45095.36
A32: IBGE:2707206 | B32: AL | C32: Alagoas | D32: POCO DAS TRINCHEIRAS | E32: 2707206 | F32: MEDIO | G32: 74013.9 | H32: 60957.72 | I32: 60599.77 | J32: 87640.06 | K32: 56640.08 | L32: 53938.93 | M32: 74570.16 | N32: 53051.13 | O32: 62822.14 | P32: 33572.71 | Q32: 63162.46 | R32: 78732.17 | S32: 78047.57 | T32: 77809.54 | U32: 74089.33 | V32: 75094.8 | W32: 89217.08 | X32: 65033.13 | Y32: 68758.78 | Z32: 88811.25 | AA32: 89495.28 | AB32: 103063.62 | AE32: 113328.37 | AF32: 124367.12 | AG32: 169755.72 | AH32: 124688.36 | AI32: 120226.72 | AJ32: 80308.8 | AK32: 0 | AL32: 13772.37 | AM32: 89398.41 | AN32: 72745.42 | AO32: 108307.36 | AQ32: 113851.83 | AR32: 101371.57 | AS32: 108809.01 | AT32: 114350.74 | AU32: 111089.07 | AV32: 111698.31 | AW32: 115356.52 | AX32: 47983.14 | AY32: 99581.02 | AZ32: 121745.48 | BA32: 127059.78 | BB32: 112850.39 | BC32: 129334.67 | BD32: 115313.6 | BE32: 88744.59 | BF32: 135111.83 | BG32: 144510.13 | BH32: 127375.31 | BI32: 138325.76 | BJ32: 83379.83 | BK32: 142420.09 | BL32: 142389 | BM32: 137684.47 | BN32: 136243.94
A33: IBGE:2707602 | B33: AL | C33: Alagoas | D33: QUEBRANGULO | E33: 2707602 | F33: MEDIO | G33: 24077.66 | H33: 23443.26 | I33: 22974.69 | J33: 19289.82 | K33: 17923.2 | L33: 23661.23 | M33: 22307.57 | N33: 22773.42 | O33: 24532.88 | P33: 21808.37 | Q33: 27917.19 | R33: 29310.34 | S33: 28028.86 | T33: 31782.83 | U33: 27211.35 | V33: 31971.3 | W33: 42470.01 | X33: 30722.77 | Y33: 36043.54 | Z33: 39531.1 | AA33: 36738.52 | AB33: 55814.62 | AE33: 42898.91 | AF33: 49339.6 | AG33: 91725.58 | AH33: 48628.08 | AI33: 45065.62 | AJ33: 13037.68 | AK33: 7115.61 | AL33: 13888.54 | AM33: 17173.38 | AN33: 20805.07 | AO33: 20677.13 | AQ33: 22873.26 | AR33: 16763.14 | AS33: 19733.04 | AT33: 18280.89 | AU33: 16091.31 | AY33: 16088.85 | AZ33: 37328.96 | BA33: 32494.53 | BB33: 32254.98 | BC33: 41052.32 | BD33: 33682.03 | BE33: 35264.9 | BF33: 45152.6 | BG33: 43497.6 | BH33: 42854.09 | BI33: 44649.29 | BJ33: 27376.93 | BK33: 40748.87 | BL33: 45337.14 | BM33: 41452.54 | BN33: 40743.54
A34: IBGE:2708006 | B34: AL | C34: Alagoas | D34: SANTANA DO IPANEMA | E34: 2708006 | F34: MEDIO | G34: 51750.8 | H34: 50628.53 | I34: 52033.08 | J34: 51287.89 | K34: 38328.18 | L34: 55218.68 | M34: 50213.12 | N34: 54482.92 | O34: 55790.07 | P34: 42392.96 | Q34: 51385.6 | R34: 53227.41 | S34: 64202.27 | T34: 64031.87 | U34: 59018.83 | V34: 64179.54 | W34: 70344.43 | X34: 63193.76 | Y34: 64167.27 | Z34: 70927.18 | AA34: 68764.62 | AB34: 81187.08 | AE34: 75056.7 | AF34: 78282.75 | AG34: 123668.81 | AH34: 80571.31 | AI34: 83522.79 | AJ34: 40619.9 | AK34: 23118.15 | AL34: 16709.13 | AM34: 49167.92 | AN34: 56048.41 | AO34: 60581.06 | AQ34: 65355.09 | AR34: 55609.76 | AS34: 60767.09 | AT34: 62149.69 | AU34: 60444.54 | AV34: 58473.59 | AW34: 62003.09 | AX34: 27487.83 | AY34: 51264.94 | AZ34: 72023.72 | BA34: 70305.18 | BB34: 65220.23 | BC34: 72575.77 | BD34: 55771.97 | BE34: 63728.22 | BF34: 80106.2 | BG34: 76285.91 | BH34: 65822.9 | BI34: 58387.65 | BJ34: 54419.06 | BK34: 84240.38 | BL34: 83845.05 | BM34: 75948.78 | BN34: 78425.65
A35: IBGE:2708204 | B35: AL | C35: Alagoas | D35: SAO BRAS | E35: 2708204 | F35: MEDIO | G35: 17587.43 | H35: 16953.03 | I35: 16953.03 | J35: 12799.59 | K35: 11478.25 | L35: 17206.25 | M35: 12852.59 | N35: 15685.95 | O35: 18077.9 | P35: 15690.38 | Q35: 20397.94 | R35: 22239.75 | S35: 20958.27 | T35: 24216.48 | U35: 19940.13 | V35: 24504.27 | W35: 34712.2 | X35: 23474.64 | Y35: 27866.78 | Z35: 30516.44 | AA35: 32041.37 | AB35: 48056.81 | AE35: 36641.04 | AF35: 39794.23 | AG35: 83018.14 | AH35: 39920.64 | AI35: 37233.62 | AJ35: 7359.93 | AK35: 0 | AL35: 8028.42
A36: IBGE:2708402 | B36: AL | C36: Alagoas | D36: SAO JOSE DA TAPERA | E36: 2708402 | F36: MEDIO | G36: 90028.3 | H36: 70543.38 | I36: 16928.78 | J36: 85786.63 | K36: 73263 | L36: 89833.72 | M36: 88130.32 | N36: 93114.57 | O36: 81894.97 | P36: 66892.18 | Q36: 81725.55 | R36: 55449.19 | S36: 67786.33 | T36: 83431.58 | U36: 82870.64 | V36: 84837.71 | W36: 88165.88 | X36: 71721.83 | Y36: 75860.69 | Z36: 93189.68 | AA36: 85581.57 | AB36: 98596.07 | AE36: 97409 | AF36: 102024.02 | AG36: 146703.14 | AH36: 101703.64 | AI36: 128640.24 | AJ36: 103473.81 | AK36: 43775.69 | AL36: 31556.35 | AM36: 88660.44 | AN36: 96448.76 | AO36: 93460.89 | AQ36: 105656.91 | AR36: 88727.93 | AS36: 94410.05 | AT36: 98303.83 | AU36: 99586.59 | AV36: 90493.22 | AW36: 102312.46 | AX36: 44359.19 | AY36: 88298.81 | AZ36: 99196.43 | BA36: 96896.84 | BB36: 92765.11 | BC36: 98824.98 | BD36: 84428.43 | BE36: 90996.53 | BF36: 105567.63 | BG36: 104945.02 | BH36: 85707.06 | BI36: 103078.93 | BJ36: 67420.85 | BK36: 109517.44 | BL36: 103742.35 | BM36: 93996.63 | BN36: 95258.04
A37: IBGE:2708956 | B37: AL | C37: Alagoas | D37: SENADOR RUI PALMEIRA | E37: 2708956 | F37: MEDIO | G37: 195241.41 | H37: 203261.98 | I37: 196553.86 | J37: 200248.29 | K37: 57573.53 | L37: 191462.75 | M37: 191290.44 | N37: 180702.92 | O37: 195467.47 | P37: 188658.25 | Q37: 104939.75 | R37: 110219.5 | S37: 123202.52 | T37: 118058.39 | U37: 113990.19 | V37: 118846.26 | W37: 131207.5 | X37: 120786.95 | Y37: 122467.77 | Z37: 131494.72 | AA37: 131721.61 | AB37: 144981.33 | AE37: 128629.17 | AF37: 128498.92 | AG37: 176624.01 | AH37: 132645.65 | AI37: 130340.18 | AJ37: 87967.99 | AK37: 109064.24 | AL37: 106431.65 | AM37: 118174.17 | AN37: 113105.09 | AO37: 99771.97 | AQ37: 104908.79 | AR37: 92158.19 | AS37: 123307.76 | AT37: 160385.71 | AU37: 169025.93 | AV37: 155835.97 | AW37: 170968.19 | AX37: 68733.18 | AY37: 140812.86 | AZ37: 156607.73 | BA37: 150172.33 | BB37: 143528.06 | BC37: 150709.32 | BD37: 127046.88 | BE37: 141190.29 | BF37: 157683.57 | BG37: 166276.02 | BH37: 143161.81 | BI37: 198797.77 | BJ37: 123259.38 | BK37: 206657.74 | BL37: 195092.01 | BM37: 186408.13 | BN37: 191108.9
A38: IBGE:2709202 | B38: AL | C38: Alagoas | D38: TRAIPU | E38: 2709202 | F38: MEDIO | G38: 0 | H38: 0 | I38: 0 | J38: 0 | K38: 0 | L38: 0 | M38: 0 | N38: 0 | O38: 0 | P38: 0 | Q38: 102433.19 | R38: 82538.96 | S38: 102287.92 | T38: 97748.19 | U38: 100188.92 | V38: 97510.21 | W38: 118511.81 | X38: 94516.8 | Y38: 105799.26 | Z38: 113926.21 | AA38: 106036.64 | AB38: 110328.3 | AE38: 79093.51 | AF38: 70202.04 | AG38: 122530.78 | AH38: 67407.63 | AI38: 71492.53 | AJ38: 7342.07 | AK38: 0 | AL38: 22508.37 | AM38: 30505.65 | AN38: 46148.94 | AO38: 54963.12 | AQ38: 71781.53 | AR38: 56894.83 | AS38: 67518.04 | AT38: 64232.77 | AU38: 56556.73 | AY38: 33844.99 | AZ38: 52463.98 | BA38: 54794.6 | BB38: 53377.65 | BC38: 84655.87 | BD38: 77353.03 | BE38: 46279.59 | BF38: 50480.89 | BG38: 77799.62 | BH38: 67659.19 | BI38: 67180.32 | BJ38: 46504.52 | BK38: 75340.53 | BL38: 77992.68 | BM38: 71658.21 | BN38: 64327.61
A39: IBGE:2900207 | B39: BA | C39: Bahia | D39: ABARE | E39: 2900207 | F39: MEDIO | G39: 72607.22 | H39: 66017.59 | I39: 69293.45 | J39: 79427.98 | K39: 77104.14 | L39: 68004.6 | M39: 59258.97 | N39: 55766.69 | O39: 51959.38 | P39: 54856.69 | Q39: 55903.08 | R39: 53886.42 | S39: 54236.42 | T39: 57991.3 | U39: 57991.3 | V39: 55508.34 | W39: 57295.52 | X39: 60558.37 | Y39: 59844.08 | Z39: 55261.62 | AA39: 50717.58 | AB39: 49980.66 | AE39: 41252.56 | AF39: 48506.57 | AG39: 49160.28 | AH39: 56203.81 | AI39: 53987.9 | AJ39: 61974.27 | AK39: 37217.29 | AL39: 53024.34 | AM39: 44369.67 | AN39: 44973.65 | AO39: 48297.33 | AQ39: 44396.31 | AR39: 22634.38 | AS39: 19215.46 | AT39: 38412.32 | AU39: 44183.39 | AV39: 39124.6 | AW39: 34347.85 | AX39: 39584.39 | AY39: 40422.68 | AZ39: 37102.9 | BA39: 37400.52 | BB39: 21461.94 | BC39: 44872.38 | BD39: 29860.88 | BE39: 37517.11 | BF39: 44890.94 | BG39: 30877.14 | BH39: 26364.32 | BI39: 38447.72 | BJ39: 41158.61 | BK39: 34526.15 | BL39: 32607.93 | BM39: 33583.21 | BN39: 36095.71
A40: IBGE:2901155 | B40: BA | C40: Bahia | D40: AMERICA DOURADA | E40: 2901155 | F40: MEDIO | G40: 35813.6 | H40: 16188.16 | I40: 0 | J40: 29721.9 | K40: 21104.98 | L40: 25647.67 | M40: 24650.55 | N40: 17935.05 | O40: 15938.7 | P40: 18449.37 | Q40: 13688.26 | R40: 14762.56 | S40: 11457.78 | T40: 0 | U40: 0 | V40: 24814.13 | W40: 22039.43 | X40: 18000.86 | Y40: 18000.86 | Z40: 13294.97 | AA40: 15319.01 | AB40: 11720.93 | AE40: 0 | AF40: 14292.19 | AG40: 14774.11 | AH40: 27017.74 | AI40: 24762.55 | AJ40: 28606.12 | AK40: 23708 | AL40: 27313.86 | AM40: 13983.65 | AN40: 11381.47 | AO40: 6838.32 | AQ40: 11197.46 | AR40: 18916.04 | AS40: 21363.52 | AT40: 11785.96 | AU40: 0 | AV40: 18197.26 | AW40: 27141.79 | AX40: 20007.13 | AY40: 17494.91 | AZ40: 19427.29 | BA40: 25997.06 | BB40: 6587.45 | BC40: 0 | BD40: 18905.87 | BE40: 17217.74 | BG40: 0 | BH40: 17063.82 | BI40: 20984.9 | BJ40: 19286.84 | BK40: 18004.47 | BL40: 17497.51 | BM40: 19548.86
A41: IBGE:2901205 | B41: BA | C41: Bahia | D41: ANAGE | E41: 2901205 | F41: MEDIO | G41: 0 | H41: 210071.74 | I41: 212733.01 | J41: 211125.97 | K41: 211021.84 | L41: 200610.15 | M41: 204914.93 | N41: 203752.82 | O41: 197847.19 | P41: 202732.73 | Q41: 202451.4 | R41: 201157.76 | S41: 194417.51 | T41: 11053.44 | U41: 217425.91 | V41: 210770.1 | W41: 220238.32 | X41: 219287.99 | Y41: 218018.35 | Z41: 219976.71 | AA41: 221371.96 | AB41: 221952.98 | AE41: 214605.23 | AF41: 207356.67 | AG41: 228188.26 | AH41: 5303.3 | AI41: 222720.1 | AJ41: 205792.43 | AK41: 226719.12 | AL41: 226010.21 | AM41: 206657.93 | AN41: 207518.73 | AO41: 208992.9 | AQ41: 209119.51 | AS41: 181805.5 | AT41: 217519.06 | AU41: 217009.08 | AZ41: 174489.79 | BA41: 161993.83 | BB41: 20861.25 | BC41: 0 | BD41: 168247.63 | BE41: 175983.48 | BF41: 206668.28 | BG41: 189376.12 | BH41: 163209.44 | BI41: 204253.01 | BJ41: 171230.6 | BK41: 177921.24 | BL41: 173684.19 | BM41: 139013.19 | BN41: 152956.9
A42: IBGE:2901304 | B42: BA | C42: Bahia | D42: ANDARAI | E42: 2901304 | F42: MEDIO | G42: 28964.29 | H42: 13499.66 | I42: 13538 | J42: 18709.9 | K42: 8157.91 | L42: 13748.6 | M42: 32548.68 | N42: 38438.53 | O42: 35637.81 | P42: 40007.73 | Q42: 35122.42 | R42: 43147.39 | S42: 19519.23 | T42: 24460.5 | U42: 14596.4 | V42: 0 | W42: 0 | X42: 42326.29 | Y42: 43870.04 | Z42: 24454.05 | AA42: 27882.31 | AB42: 38981.71 | AE42: 35980.73 | AF42: 35980.73 | AG42: 44830.61 | AH42: 45672.36 | AI42: 46747.46 | AJ42: 55556.78 | AK42: 38445.27 | AL42: 38152.77 | AM42: 38445.27 | AN42: 36945.86 | AO42: 53295.67 | AQ42: 56434.75 | AR42: 57581.66 | AS42: 57440.87 | AT42: 59441.3 | AU42: 67496.68 | BM42: 0
A43: IBGE:2901353 | B43: BA | C43: Bahia | D43: ANDORINHA | E43: 2901353 | F43: MEDIO | G43: 219809.04 | H43: 212146.5 | I43: 219320.79 | J43: 177966.62 | K43: 176601.28 | L43: 184837.23 | M43: 182734.49 | N43: 186562.13 | O43: 178755.73 | P43: 182101.32 | Q43: 197077.84 | R43: 179780.15 | S43: 152941.43 | T43: 0 | U43: 12225.41 | V43: 230064.69 | W43: 230580.1 | X43: 201449.67 | Y43: 225419.93 | Z43: 148621.91 | AA43: 151968.3 | AB43: 162377.33 | AE43: 143840.1 | AF43: 130105.43 | AG43: 196793.57 | AH43: 196351.21 | AI43: 189657.67 | AJ43: 265686.56 | AK43: 259197.81 | AL43: 247901.74 | AM43: 246728.82 | AN43: 261200.38 | AO43: 253187.23 | AQ43: 234587.17 | AR43: 243740.36 | AS43: 258148.05 | AT43: 177107.35 | AU43: 255942.34 | AV43: 260685.29 | AW43: 206716.49 | AX43: 213744.79 | AY43: 217139.31 | AZ43: 238531.56 | BA43: 200865.75 | BB43: 210611.72 | BC43: 282648.82 | BD43: 190090.8 | BE43: 204027.72 | BF43: 258682.68 | BG43: 259935.51 | BH43: 229834.56 | BI43: 285965.75 | BJ43: 235145.81 | BK43: 266462.3 | BL43: 250361.28 | BM43: 250486.07 | BN43: 253537.27
A44: IBGE:2902005 | B44: BA | C44: Bahia | D44: ARACATU | E44: 2902005 | F44: MEDIO | G44: 0 | H44: 185724.61 | I44: 185959.27 | J44: 185767.33 | K44: 185102.46 | L44: 171685.39 | M44: 172931.99 | N44: 173574.65 | O44: 172631.81 | P44: 173030.38 | Q44: 172749.05 | R44: 170982.35 | S44: 169526.21 | T44: 0 | U44: 0 | V44: 185766.71 | W44: 185248.16 | X44: 186085.91 | Y44: 186918.72 | Z44: 187267.21 | AA44: 187822.06 | AB44: 187947.16 | AE44: 182202.46 | AF44: 181029.35 | AG44: 129928.14 | AH44: 5303.3 | AI44: 2718.06 | AJ44: 124806.52 | AK44: 95831.87 | AL44: 70915.04 | AM44: 113098.55 | AN44: 112224.33 | AO44: 113830.37 | AQ44: 0 | AS44: 109878.96 | AT44: 116710.53 | AU44: 119851.34 | AZ44: 105995.08 | BA44: 88738.99 | BB44: 10437.48 | BC44: 0 | BD44: 97268.83 | BE44: 86054.96 | BF44: 0 | BG44: 0 | BH44: 103244.5 | BI44: 121357 | BJ44: 99966.32 | BL44: 90818.1 | BM44: 70411.96 | BN44: 88466.33
A45: IBGE:2902104 | B45: BA | C45: Bahia | D45: ARACI | E45: 2902104 | F45: MEDIO | G45: 145308.37 | H45: 93339.02 | I45: 152825.69 | J45: 234814.64 | K45: 188124.53 | L45: 157172.16 | M45: 78153.82 | N45: 107956.13 | O45: 186391.09 | P45: 185785.24 | Q45: 189442.84 | R45: 202360.27 | S45: 239051.26 | T45: 60498.73 | U45: 21985.06 | V45: 199819.66 | W45: 2977977.8 | X45: 299623.57 | Y45: 303105.32 | Z45: 276799.51 | AA45: 292411.3 | AB45: 279196.36 | AE45: 289414 | AF45: 289414 | AG45: 289638.46 | AH45: 280352.06 | AI45: 274977.25 | AJ45: 288671.78 | AK45: 175726.25 | AL45: 170085.07 | AM45: 222086.72 | AN45: 229036.21 | AO45: 247935.61 | AQ45: 228155.23 | AR45: 205676.83 | AS45: 222363.86 | AT45: 231559.26 | AU45: 243388.03 | AV45: 240398.68 | AW45: 258573.69 | AX45: 257742.03 | AY45: 236883.83 | AZ45: 190787.47 | BA45: 252383.11 | BB45: 227254.34 | BC45: 216998.01 | BD45: 213948.54 | BE45: 214813.89 | BF45: 84466.67 | BG45: 0 | BH45: 152650.57 | BI45: 235306.77 | BJ45: 246369.4 | BK45: 232288.52 | BL45: 229792.81 | BM45: 219837.48
A46: IBGE:2902609 | B46: BA | C46: Bahia | D46: BAIXA GRANDE | E46: 2902609 | F46: MEDIO | G46: 46845.6 | H46: 33196.25 | I46: 34347.8 | J46: 18926 | K46: 8174.8 | L46: 13213.64 | M46: 35353.83 | N46: 31333.2 | O46: 36611.52 | P46: 41610.5 | Q46: 6136.02 | R46: 10349.51 | S46: 21526.15 | T46: 0 | U46: 15169.08 | V46: 55669.01 | W46: 0 | X46: 34999.3 | Y46: 96986.27 | Z46: 95028.79 | AA46: 86067.73 | AB46: 103384.3 | AE46: 5237.18 | AF46: 70806.49 | AG46: 11234.13 | AH46: 75288.18 | AI46: 71553.13 | AJ46: 92148.52 | AK46: 62653.77 | AL46: 61006.23 | AM46: 62171.04 | AN46: 52075.69 | AO46: 53094.87 | AQ46: 72577.72 | AR46: 90389.19 | AS46: 90370.71 | AT46: 89991.39 | AU46: 90144.27 | AV46: 88894.49 | AW46: 93363.2 | AX46: 91597.64 | AY46: 82783.4 | AZ46: 81463.85 | BA46: 84887.21 | BB46: 43756.45 | BC46: 0 | BD46: 81761.47 | BE46: 68835.6 | BG46: 0 | BH46: 63178.8 | BI46: 69245.93 | BJ46: 67165.52 | BK46: 0 | BL46: 67431.6 | BM46: 62067.18
A47: IBGE:2902708 | B47: BA | C47: Bahia | D47: BARRA | E47: 2902708 | F47: MEDIO | G47: 47706.69 | H47: 29869.45 | I47: 29076.19 | J47: 46626.36 | K47: 40088.52 | L47: 44809.83 | M47: 42471.71 | N47: 30709.69 | O47: 25144.86 | P47: 32384.46 | Q47: 44359.18 | R47: 46003.03 | S47: 31119.78 | T47: 28563.24 | U47: 10322.13 | V47: 0 | W47: 0 | AE47: 11788.32 | AF47: 11063.93 | AG47: 34967.68 | AH47: 19726.57 | AI47: 29501.27 | AJ47: 34824.82 | AK47: 26856.78 | AL47: 32541.8 | AM47: 37526.69 | AN47: 15221.96 | AO47: 26418.45 | AQ47: 8553.94 | AR47: 30093.49 | AT47: 28705.65 | AU47: 36562.47 | BC47: 29257.1 | BD47: 35902.3 | BE47: 54881.92 | BF47: 61110.8 | BG47: 53388.7 | BH47: 46079.16 | BI47: 51913.09 | BJ47: 61571.17 | BK47: 49918.1 | BL47: 78167.79 | BM47: 48278.16
A48: IBGE:2903235 | B48: BA | C48: Bahia | D48: BARRO ALTO | E48: 2903235 | F48: MEDIO | G48: 0 | H48: 43235.52 | I48: 66303.17 | J48: 0 | K48: 18785.24 | L48: 61263.78 | M48: 59998.1 | N48: 69157.67 | O48: 64267.97 | P48: 65601.77 | Q48: 60716.46 | R48: 69468.26 | S48: 76633.39 | T48: 43341.36 | U48: 86879.83 | V48: 103928.21 | W48: 119829.12 | X48: 115393.79 | Y48: 117114.12 | Z48: 114776.4 | AA48: 115785.72 | AB48: 117605.3 | AE48: 109573.37 | AF48: 115038.88 | AG48: 112064.15 | AH48: 77573.19 | AI48: 73648.38 | AJ48: 73213.9 | AK48: 54766.09 | AL48: 64008.43 | AM48: 58597.08 | AN48: 51998.51 | AO48: 74461.79 | AQ48: 76678.97 | AR48: 75779.34 | AS48: 75895.12 | AT48: 101518.63 | AU48: 84053.73 | AV48: 83321.97 | AW48: 86155.3 | AX48: 85941.98 | AY48: 81155.96 | AZ48: 63626.39 | BA48: 70699.51 | BB48: 7807.4 | BC48: 0 | BD48: 73339.44 | BE48: 65826.64 | BG48: 0 | BH48: 70234.11 | BI48: 79883.1 | BJ48: 72629.2 | BK48: 66782.69 | BL48: 65314.84 | BM48: 55716.75
A49: IBGE:2903276 | B49: BA | C49: Bahia | D49: BARROCAS | E49: 2903276 | F49: MEDIO | G49: 39149.1 | H49: 26801.39 | I49: 24567.95 | J49: 34042.3 | K49: 0 | L49: 0 | M49: 18510.18 | N49: 0 | O49: 0 | P49: 19963.98 | Q49: 17398.15 | R49: 18360.09 | S49: 12627.62 | T49: 8369.93 | U49: 28029.81 | V49: 30298.24 | W49: 29898.84 | X49: 22127.79 | Y49: 22761.9 | Z49: 23331.63 | AA49: 23549.69 | AB49: 18846.33 | AE49: 10539.41 | AF49: 10539.41 | AG49: 9136.94 | AH49: 10407.7 | AI49: 8043.71 | AJ49: 10539.41 | AK49: 8220.45 | AL49: 8220.45 | AM49: 6933.23 | AO49: 7931.19 | AQ49: 8293.57 | AS49: 10146.4 | AT49: 9146.37 | AU49: 7165.6
A50: IBGE:2903508 | B50: BA | C50: Bahia | D50: BELO CAMPO | E50: 2903508 | F50: MEDIO | G50: 79537.62 | H50: 74511.95 | I50: 77016.53 | J50: 75970.23 | K50: 75305.36 | L50: 73421.98 | M50: 76645.11 | N50: 75245.11 | O50: 74049.8 | P50: 74795.29 | Q50: 74513.96 | R50: 72899.87 | S50: 72802.97 | T50: 76025.14 | U50: 76658.45 | V50: 79916.48 | W50: 79529.21 | X50: 80060.94 | Y50: 80681.5 | Z50: 81559.19 | AA50: 81523.23 | AB50: 82446.23 | AE50: 76452.19 | AF50: 57772.09 | AG50: 32185.43 | AH50: 30325.84 | AI50: 30251.71 | AJ50: 26429.1 | AK50: 30380.09 | AL50: 31189.51 | AM50: 29198.26 | AN50: 24729.16 | AO50: 29011.62 | AQ50: 40818.56 | AS50: 46200.16 | AT50: 51681.42 | AU50: 47588.76 | AZ50: 32501.27 | BA50: 30319.36 | BB50: 5836.81 | BC50: 0 | BD50: 31908.78 | BE50: 27548.2 | BF50: 0 | BG50: 33911.7 | BH50: 29868.08 | BI50: 12577.28 | BJ50: 71978.04 | BL50: 72833.21 | BM50: 70505.12 | BN50: 77677.76
A51: IBGE:2903706 | B51: BA | C51: Bahia | D51: BOA NOVA - BA | E51: 2903706 | F51: MEDIO | G51: 82977.79 | H51: 78820.31 | I51: 80949.37 | J51: 76355.74 | K51: 80083.84 | L51: 74785.39 | M51: 74722.55 | N51: 76608.52 | O51: 75652.26 | P51: 76208.08 | Q51: 75926.75 | R51: 74531.51 | S51: 65204.57 | T51: 0 | U51: 78449.09 | V51: 81707.12 | W51: 81319.85 | X51: 80919.79 | Y51: 82977.83 | Z51: 82101.09 | AA51: 83067.28 | AB51: 84266.52 | AE51: 78362.93 | AF51: 75489.02 | AG51: 52426.15 | AH51: 51582.98 | AI51: 49407.06 | AJ51: 48680.84 | AK51: 47590.48 | AL51: 49456.95 | AM51: 46087.27 | AN51: 44022.9 | AO51: 39230.69 | AQ51: 57761.79 | AS51: 42220.15 | AT51: 57794.34 | AU51: 52692.02 | AZ51: 39714 | BA51: 31356.59 | BB51: 7368.74 | BC51: 0 | BD51: 32299.15 | BE51: 29846.81 | BF51: 50400.53 | BG51: 34013.15 | BH51: 32287.46 | BI51: 37522.69 | BJ51: 31102.01 | BL51: 37163.91 | BM51: 34153.7 | BN51: 32313.03
A52: IBGE:2903805 | B52: BA | C52: Bahia | D52: BOA VISTA DO TUPIM | E52: 2903805 | F52: MEDIO | G52: 0 | H52: 0 | I52: 68561.54 | J52: 39931.5 | K52: 22042.52 | L52: 23116.8 | M52: 7836.65 | N52: 69617.9 | O52: 107538.81 | P52: 115335.07 | Q52: 125432.26 | R52: 99097.83 | S52: 35188.47 | T52: 0 | U52: 18092.15 | V52: 0 | W52: 0 | X52: 105831.07 | Y52: 94064.53 | Z52: 88322.93 | AA52: 93227.54 | AB52: 94608.07 | AE52: 91342.46 | AF52: 82453.46 | AG52: 97648.8 | AH52: 90199 | AI52: 84629.89 | AJ52: 85645.84 | AK52: 63898.61 | AL52: 30486.48 | AM52: 76949.72 | AN52: 73775.03 | AO52: 62504.91 | AQ52: 77550.53 | AR52: 69858.66 | AS52: 74847.91 | AT52: 80045.58 | AU52: 78879.78 | BI52: 0 | BJ52: 0 | BK52: 0 | BL52: 46337.03 | BM52: 34787.52
A53: IBGE:2903904 | B53: BA | C53: Bahia | D53: BOM JESUS DA LAPA | E53: 2903904 | F53: MEDIO | G53: 201768.34 | H53: 203111.17 | I53: 195988.78 | J53: 196657.25 | K53: 194054.75 | L53: 180980.65 | M53: 188724.86 | N53: 184249.5 | O53: 175462.93 | P53: 183039.19 | Q53: 179336.62 | R53: 186262.27 | S53: 172882.77 | T53: 0 | U53: 198822.83 | V53: 203385.18 | W53: 203302.13 | X53: 203623.51 | Y53: 202828.4 | Z53: 195227.37 | AA53: 193528.1 | AB53: 206236.86 | AE53: 197928.29 | AF53: 185258.14 | AG53: 169848.87 | AH53: 153684.78 | AI53: 164055.78 | AJ53: 169925.34 | AK53: 170971.4 | AL53: 162312.95 | AM53: 150022.1 | AN53: 158640.93 | AO53: 156538.16 | AQ53: 154319.5 | AT53: 95069.47 | AU53: 158750.87 | AV53: 185144.55 | AW53: 206224.14 | AX53: 187310.44 | AY53: 179497.94 | AZ53: 188329.56 | BA53: 171177.81 | BB53: 36757.27 | BC53: 172018.44 | BD53: 178551 | BE53: 131620.65 | BF53: 193913.35 | BG53: 218088.48 | BH53: 200590.24 | BI53: 170672.65 | BJ53: 200082.36 | BK53: 188353.74 | BL53: 236097.19 | BM53: 173225.14
A54: IBGE:2903953 | B54: BA | C54: Bahia | D54: BOM JESUS DA SERRA | E54: 2903953 | F54: MEDIO | G54: 126544.17 | H54: 117734.07 | I54: 115166.42 | J54: 104431.85 | K54: 107724.19 | L54: 109222.32 | M54: 113721.15 | N54: 112491.82 | O54: 109664.64 | P54: 110063.21 | Q54: 109781.88 | R54: 109882.52 | S54: 99848.2 | T54: 0 | U54: 116938.49 | V54: 120196.52 | W54: 117221.86 | X54: 119640.2 | Y54: 120990.26 | Z54: 164147.17 | AA54: 164682.78 | AB54: 165605.78 | AE54: 160111.01 | AF54: 141937.82 | AG54: 128934.15 | AH54: 133801.98 | AI54: 133653.15 | AJ54: 121844.79 | AK54: 125379.37 | AL54: 126972.32 | AM54: 91841 | AN54: 129884.75 | AO54: 105694.54 | AQ54: 143192.12 | AS54: 134558.15 | AT54: 143666.52 | AV54: 146299.16 | AZ54: 91851.09 | BA54: 78573.23 | BB54: 10949.64 | BC54: 0 | BD54: 77014.31 | BE54: 70501.13 | BF54: 0 | BG54: 0 | BH54: 93008.77 | BI54: 95828.5 | BJ54: 85282.31 | BL54: 104449.06 | BM54: 85498.19 | BN54: 95280.73
A55: IBGE:2904100 | B55: BA | C55: Bahia | D55: BOQUIRA | E55: 2904100 | F55: MEDIO | G55: 0 | H55: 0 | I55: 76123.97 | J55: 80030.05 | K55: 68088.36 | L55: 0 | M55: 74465.56 | N55: 61612.9 | O55: 76401.69 | P55: 81464.8 | Q55: 73837.48 | R55: 77280.45 | S55: 63393.66 | T55: 84554.61 | U55: 16557.55 | V55: 67059.46 | W55: 85017.87 | X55: 82749.08 | Y55: 79532.21 | Z55: 77494.59 | AA55: 77463.17 | AB55: 77312.69 | AE55: 67201.94 | AF55: 65101.39 | AG55: 70021.43 | AH55: 61549.47 | AI55: 61137.74 | AJ55: 71777.98 | AK55: 53009.31 | AL55: 44988.31 | AM55: 40365.37 | AN55: 35931.36 | AO55: 34261.06 | AQ55: 52227.18 | AR55: 60693.75 | AS55: 69818.97 | AT55: 70195.32 | AU55: 57825.23 | AV55: 55695.71 | AW55: 75236.65 | AX55: 70180.88 | AY55: 69636.68 | AZ55: 56302.03 | BA55: 60436.55 | BB55: 57618.97 | BC55: 81526.25 | BD55: 58829.8 | BE55: 56220.24 | BG55: 0 | BH55: 62903.1 | BI55: 64232.04 | BJ55: 57505.13 | BK55: 56022.98 | BL55: 50769.57 | BM55: 51434.44
A56: IBGE:2904209 | B56: BA | C56: Bahia | D56: BOTUPORA | E56: 2904209 | F56: MEDIO | G56: 92269.1 | H56: 95114.58 | I56: 97598.89 | J56: 95520.6 | K56: 94198.25 | L56: 90207.82 | M56: 93430.95 | N56: 91599.04 | O56: 90942.24 | P56: 91553.08 | Q56: 91271.75 | R56: 91348.55 | S56: 82783.96 | T56: 0 | U56: 96263.29 | V56: 99521.32 | W56: 99134.05 | X56: 99168.18 | Y56: 100000.99 | Z56: 100567.77 | AA56: 100775.73 | AB56: 101698.73 | AE56: 96426.48 | AF56: 36263.71 | AG56: 6425.39 | AH56: 75883.01 | AI56: 74294.43 | AJ56: 67981.41 | AK56: 72626.03 | AL56: 73134.89 | AM56: 71788.48 | AN56: 70901.86 | AO56: 70307.72 | AQ56: 34422.81 | AR56: 41899.18 | AT56: 69664.32 | AU56: 72106.12 | AV56: 64745.92 | AW56: 69815.36 | AX56: 63928.85 | AY56: 59741.09 | AZ56: 41876.58 | BA56: 49632.18 | BB56: 51505.71 | BC56: 57744.14 | BD56: 43361.4 | BE56: 37375.71 | BG56: 0 | BH56: 47247.17 | BI56: 51955.48 | BJ56: 49036.65 | BK56: 42311.91 | BL56: 43457.56 | BM56: 45615.7
A57: IBGE:2904308 | B57: BA | C57: Bahia | D57: BREJOES | E57: 2904308 | F57: MEDIO | G57: 0 | H57: 17210.86 | I57: 16359.26 | J57: 23970.1 | K57: 12431.91 | L57: 16518.7 | M57: 12045.68 | N57: 14227.22 | O57: 10659.99 | P57: 14456.57 | Q57: 9643.71 | R57: 10796.9 | S57: 11515 | T57: 16629.64 | U57: 6423.97 | V57: 0 | W57: 0 | X57: 8163.41 | Y57: 12317.21 | Z57: 10245.17 | AA57: 12029.82 | AB57: 12440.37 | AE57: 12440.37 | AF57: 12229.23 | AG57: 11099.01 | AH57: 11446.77 | AI57: 11446.77 | AJ57: 11188.71 | AK57: 8562.23 | AL57: 8562.23 | AM57: 7673.85 | AN57: 7543.47 | AO57: 8064.88 | AQ57: 11168.43 | AR57: 10256.39 | AS57: 10923.96 | AT57: 10584.03 | AU57: 9220.68 | AV57: 5491.27 | AW57: 12075.87 | AX57: 9091.34 | AY57: 7292.5 | AZ57: 8261.28 | BA57: 9548.62 | BB57: 5433 | BC57: 0 | BD57: 9108.14 | BE57: 6368.79 | BF57: 20852.4 | BG57: 16203.63 | BH57: 8935.27 | BI57: 11234.03 | BJ57: 5782.21 | BK57: 6946.18 | BL57: 7039.1 | BM57: 0
A58: IBGE:2904605 | B58: BA | C58: Bahia | D58: BRUMADO | E58: 2904605 | F58: MEDIO | G58: 0 | H58: 202800.27 | I58: 172233 | J58: 207539.57 | K58: 209063.16 | L58: 187865.77 | M58: 205252.55 | N58: 205126.85 | O58: 182817.3 | P58: 202419.26 | Q58: 192037.61 | R58: 178546.28 | S58: 184468.12 | T58: 0 | U58: 205749.49 | V58: 218034.55 | W58: 217369.39 | X58: 221828.86 | Y58: 223120.93 | Z58: 224086.16 | AA58: 222109.91 | AB58: 223886.39 | AE58: 208579.47 | AF58: 173760.73 | AG58: 155059.37 | AH58: 159971.84 | AI58: 175449.32 | AJ58: 172235.3 | AK58: 176715.49 | AL58: 179210.09 | AM58: 152117.43 | AN58: 147251.38 | AO58: 160836.48 | AQ58: 0 | AS58: 108953.94 | AT58: 160198.18 | AU58: 141680.64 | AV58: 175174.44 | AW58: 148524.6 | AX58: 175470.25 | AY58: 157368.3 | AZ58: 146517.67 | BA58: 155440.19 | BB58: 23375.12 | BC58: 0 | BD58: 147174.58 | BE58: 145185.28 | BF58: 194072.58 | BG58: 165747.5 | BH58: 146364.64 | BI58: 200281.53 | BJ58: 153588.57 | BK58: 159424.52 | BL58: 162629.25 | BM58: 150253.45 | BN58: 164244.94
A59: IBGE:2904753 | B59: BA | C59: Bahia | D59: BURITIRAMA | E59: 2904753 | F59: MEDIO | G59: 247790.67 | H59: 248737.01 | I59: 250181.9 | J59: 256228.26 | K59: 230514.84 | L59: 230181.53 | M59: 230334.59 | N59: 231248.3 | O59: 382399.26 | P59: 395373.58 | Q59: 393748.93 | R59: 405762.6 | S59: 373033.4 | T59: 115747.72 | U59: 340376.67 | V59: 314591.82 | W59: 343632.14 | X59: 450496.39 | Y59: 456244.8 | Z59: 448962.44 | AA59: 446361.63 | AB59: 468384.11 | AE59: 440147.35 | AF59: 453992.8 | AG59: 434364.49 | AH59: 413820.8 | AI59: 397116.11 | AJ59: 453030.84 | AK59: 455421.89 | AL59: 456584.83 | AM59: 456035.7 | AN59: 471364.82 | AO59: 457371.2 | AQ59: 469655.37 | AR59: 421227.7 | AT59: 253683.06 | AU59: 452825.91 | AV59: 478399.45 | AW59: 495446.23 | AX59: 453659.93 | AY59: 436966.93 | AZ59: 439848.32 | BA59: 422801.42 | BB59: 419277.13 | BC59: 427230.34 | BD59: 419334.79 | BE59: 417921.1 | BF59: 438851.9 | BG59: 421132.12 | BH59: 401067.21 | BI59: 398078.62 | BJ59: 419240.2 | BK59: 404465.08 | BL59: 439317.85 | BM59: 415974.96
A60: IBGE:2905008 | B60: BA | C60: Bahia | D60: CACULE | E60: 2905008 | F60: MEDIO | G60: 28321.23 | H60: 22754.88 | I60: 26411.64 | J60: 25365.34 | K60: 24700.47 | L60: 22076.98 | M60: 25773.99 | N60: 24373.99 | O60: 23497.55 | P60: 23896.12 | Q60: 23614.79 | R60: 22075.91 | S60: 21979.01 | T60: 0 | U60: 14798.16 | V60: 18259.47 | W60: 17872.2 | X60: 24080.24 | Y60: 24913.05 | Z60: 25261.54 | AA60: 18377.19 | AB60: 26392.5 | AE60: 20302.04 | AF60: 12448.71 | AG60: 10785.14 | AH60: 11730.13 | AI60: 9423.59 | AJ60: 10202.45 | AK60: 10168.06 | AL60: 9905.86 | AM60: 11289.41 | AN60: 9514.58 | AO60: 11372.34 | AQ60: 0 | AS60: 14275.27 | AT60: 20730.4 | AU60: 14748.7
A61: IBGE:2905107 | B61: BA | C61: Bahia | D61: CAEM | E61: 2905107 | F61: MEDIO | G61: 0 | H61: 14289.19 | I61: 17124.97 | J61: 26831.81 | K61: 6126.39 | L61: 0 | AE61: 0 | AF61: 0 | AG61: 6843.09 | AH61: 6340.08 | AI61: 13438.11 | AJ61: 11805.96 | AK61: 8997.96 | AL61: 7831.56 | AM61: 11127.99 | AN61: 7180.75 | AO61: 11195.11 | AQ61: 10567.29 | AR61: 7774.49 | AS61: 6357.25 | AV61: 5187.38 | AW61: 15197.75 | AX61: 10928.59 | AY61: 9910.49 | AZ61: 9610.74 | BA61: 11773.49 | BB61: 7105.41 | BC61: 0 | BD61: 10794.14 | BE61: 10744.81 | BG61: 0 | BH61: 10800.19 | BI61: 12074.86 | BJ61: 8189.2 | BK61: 7638.71 | BL61: 9034.61 | BM61: 10387.72
A62: IBGE:2905156 | B62: BA | C62: Bahia | D62: CAETANOS | E62: 2905156 | F62: MEDIO | G62: 200105.69 | H62: 201820.22 | I62: 200390.78 | J62: 199344.48 | K62: 197565.35 | L62: 181220.4 | M62: 190076.45 | N62: 187896.96 | O62: 188383.6 | P62: 187074.54 | Q62: 188876.57 | R62: 183018.34 | S62: 184049.54 | T62: 0 | U62: 202016.34 | V62: 205274.37 | W62: 204887.1 | X62: 205446.86 | Y62: 206279.67 | Z62: 206057.49 | AA62: 208076.42 | AB62: 197890.95 | AE62: 201319.88 | AF62: 175414.56 | AG62: 156847.04 | AH62: 162009.35 | AI62: 180247.66 | AJ62: 180410.64 | AK62: 175223.75 | AL62: 184015.16 | AM62: 180510.47 | AN62: 178576.18 | AO62: 171015.71 | AQ62: 186197.75 | AS62: 176805.74 | AT62: 191833.9 | AU62: 185299.23 | AZ62: 114606.51 | BA62: 111448.27 | BB62: 6803.09 | BC62: 0 | BD62: 87210.63 | BE62: 69571.31 | BF62: 0 | BG62: 0 | BH62: 309684.99 | BI62: 306249.7 | BJ62: 322741.85 | BL62: 380095.54 | BM62: 310625.3 | BN62: 318197.31
A63: IBGE:2905206 | B63: BA | C63: Bahia | D63: CAETITE | E63: 2905206 | F63: MEDIO | G63: 131185.44 | H63: 130744.3 | I63: 137533.76 | J63: 0 | K63: 117790.87 | L63: 117412.06 | M63: 130235.73 | N63: 127928.15 | O63: 113282.65 | P63: 125159.53 | Q63: 113231.71 | R63: 125032.23 | S63: 119920.6 | T63: 0 | U63: 135403.19 | V63: 138905.84 | W63: 138518.57 | X63: 137229.55 | Y63: 139309.37 | Z63: 139657.86 | AA63: 140662.78 | AB63: 135744.99 | AE63: 135181.87 | AF63: 101382.57 | AG63: 68301.08 | AH63: 79621.12 | AI63: 78346.29 | AJ63: 78687.39 | AK63: 75766.06 | AL63: 78194.62 | AM63: 77397.8 | AN63: 76668.59 | AO63: 79070.02 | AQ63: 80489.37 | AS63: 80118.77 | AT63: 88672.25 | AU63: 85857.17 | AV63: 89845.23 | AW63: 84137.7 | AX63: 81869.89 | AY63: 76882.22 | AZ63: 82986.76 | BA63: 72958.19 | BB63: 6104.35 | BC63: 0 | BD63: 63485.54 | BE63: 63314.52 | BF63: 104686.56 | BG63: 80877.73 | BH63: 74768.73 | BI63: 91345.88 | BJ63: 76247.34 | BK63: 74945.47 | BL63: 92608.23 | BM63: 75968.28 | BN63: 83291.57
A64: IBGE:2905305 | B64: BA | C64: Bahia | D64: CAFARNAUM | E64: 2905305 | F64: MEDIO | G64: 25379.23 | H64: 11441.54 | I64: 12319.12 | J64: 16309.64 | K64: 9272.73 | L64: 13730.67 | M64: 11522.79 | N64: 13725.05 | O64: 9106.19 | P64: 11415.13 | Q64: 6529.82 | R64: 9482.38 | S64: 0 | T64: 0 | U64: 0 | V64: 0 | W64: 0 | X64: 0 | Y64: 10344.27 | Z64: 4938.51 | AA64: 7010.55 | AB64: 6228.1 | AE64: 6290.22 | AF64: 5147.97 | AG64: 4035.91 | AH64: 4457.07 | AI64: 3905.76 | AJ64: 5497.82 | AK64: 6099.51 | AL64: 7756.36 | AM64: 5325.29 | AR64: 6282.8 | AS64: 6719.62 | AT64: 5185.03 | AU64: 0 | AV64: 3131.19 | AW64: 9335.42 | AX64: 5249.78 | AY64: 2586.74 | AZ64: 0 | BA64: 0 | BB64: 0 | BC64: 0 | BD64: 6310.07
A65: IBGE:2905503 | B65: BA | C65: Bahia | D65: CALDEIRAO GRANDE | E65: 2905503 | F65: MEDIO | G65: 0 | H65: 0 | I65: 31523.11 | J65: 33968.83 | K65: 29057.44 | L65: 0 | M65: 0 | N65: 34597.21 | O65: 29549.79 | P65: 32749.65 | Q65: 27864.34 | R65: 31886.22 | S65: 24969.17 | T65: 40125.49 | U65: 37443.3 | V65: 41444.52 | W65: 38673.06 | X65: 36552.12 | Y65: 37981.89 | Z65: 33478.57 | AA65: 35962.21 | AB65: 34550.72 | AE65: 33757.46 | AF65: 33757.46 | AG65: 22246.16 | AH65: 32870.52 | AI65: 28743.24 | AJ65: 34002 | AK65: 23574.25 | AL65: 22679.69 | AM65: 31090.12 | AN65: 11837.62 | AO65: 22365.16 | AQ65: 22930.31 | AR65: 21578.44 | AS65: 33933.38 | AT65: 34085.68 | AU65: 23060.56 | AV65: 21920.09 | AW65: 31134.8 | AX65: 30271.81 | AY65: 27276.6 | AZ65: 27876.09 | BA65: 28845.38 | BB65: 11676.2 | BC65: 0 | BD65: 27465.53 | BE65: 27958.25 | BF65: 42551.32 | BG65: 31889.13 | BH65: 20068.85 | BI65: 28526.07 | BJ65: 21593.04 | BK65: 20105.72 | BL65: 22180.41 | BM65: 20372.65
A66: IBGE:2905909 | B66: BA | C66: Bahia | D66: CAMPO ALEGRE DE LOURDES | E66: 2905909 | F66: MEDIO | G66: 972571.62 | H66: 1117603.9 | I66: 1174963.9 | J66: 1187761.6 | K66: 1229538.6 | L66: 1220100.7 | M66: 1211355.1 | N66: 1106573.3 | O66: 1102766 | P66: 1105663.3 | Q66: 728611.02 | R66: 726594.35 | S66: 726944.35 | T66: 871344.84 | U66: 871344.84 | V66: 824502 | W66: 1235703.4 | X66: 1244480 | Y66: 1244236.6 | Z66: 1127948.7 | AA66: 1144257.3 | AB66: 1128577.5 | AE66: 1119961.9 | AF66: 1115956.9 | AG66: 1124016.1 | AH66: 1114416.1 | AI66: 1258320.4 | AJ66: 1258589 | AK66: 1258589 | AL66: 1228735.6 | AM66: 1226493.3 | AN66: 1230981.5 | AO66: 1247900 | AQ66: 1263072.4 | AR66: 1261699.6 | AS66: 1261199.6 | AT66: 1257728.4 | AU66: 1242214.9 | AV66: 1204517.1 | AW66: 1081253.1 | AX66: 847100.77 | AY66: 639038.27 | AZ66: 884520.68 | BA66: 821881.62 | BB66: 733189.9 | BC66: 1040736.3 | BD66: 858561.9 | BF66: 444131.14 | BG66: 1206196.6 | BH66: 1206758.4 | BI66: 608369.33 | BJ66: 1138130.2 | BK66: 1153080.6 | BL66: 1284334.8 | BM66: 1238611.9
A67: IBGE:2906006 | B67: BA | C67: Bahia | D67: CAMPO FORMOSO | E67: 2906006 | F67: MEDIO | G67: 150175 | H67: 143933.41 | I67: 142611.91 | J67: 151986.72 | K67: 124041.98 | L67: 0 | M67: 0 | N67: 133671.45 | O67: 125088.28 | P67: 130231.57 | Q67: 113669.92 | R67: 126028.2 | S67: 76782.66 | T67: 128772.16 | U67: 0 | V67: 0 | W67: 0 | X67: 0 | Y67: 36753.67 | Z67: 35743.94 | AA67: 40901.56 | AB67: 61877.65 | AE67: 63294.05 | AF67: 57390.77 | AG67: 69816.18 | AH67: 89221.83 | AI67: 82996.69 | AJ67: 78448.72 | AK67: 68273.66 | AL67: 92565.34 | AM67: 77720.09 | AN67: 47739.94 | AO67: 76556.17 | AQ67: 85884.06 | AR67: 83976.87 | AS67: 74639.44 | AT67: 79541.42 | AU67: 69342.73 | AV67: 77341.47 | AW67: 98073.57 | AX67: 92682.99 | AY67: 93023.22 | AZ67: 75904.16 | BA67: 88409.78 | BB67: 89857.69 | BC67: 98433.34 | BD67: 73735.47 | BE67: 79043.15 | BF67: 114891.55 | BG67: 106013.93 | BH67: 75084.22 | BI67: 88107.56 | BJ67: 77270.5 | BK67: 80347.39 | BL67: 66766.15 | BM67: 63356.4
A68: IBGE:2906600 | B68: BA | C68: Bahia | D68: CANDIBA | E68: 2906600 | F68: MEDIO | G68: 0 | O68: 39128.02 | P68: 39666.75 | Q68: 38189.48 | R68: 37846.54 | S68: 32365.74 | T68: 0 | U68: 38364.45 | V68: 41622.48 | W68: 41235.21 | X68: 41202.12 | Y68: 41631.98 | Z68: 42383.42 | AA68: 42542.7 | AB68: 17906.37 | AE68: 37571.25 | AF68: 35492.67 | AG68: 26949.68 | AH68: 29098.54 | AI68: 27302.39 | AJ68: 25221.97 | AK68: 25173.41 | AL68: 26119.48 | AM68: 25766.67 | AN68: 21657.89 | AO68: 24927.64
A69: IBGE:2906709 | B69: BA | C69: Bahia | D69: CANDIDO SALES | E69: 2906709 | F69: MEDIO | G69: 116003.69 | H69: 116336.84 | I69: 135576.85 | J69: 134906.14 | K69: 134296.01 | L69: 128231.86 | M69: 133038.78 | N69: 131638.78 | O69: 122281.4 | P69: 144628.04 | Q69: 141764.64 | R69: 137345.14 | S69: 127664.44 | T69: 117391.06 | U69: 126716.37 | V69: 149986.42 | W69: 153979.38 | X69: 155186.13 | Y69: 158626.11 | Z69: 158974.6 | AA69: 158196.52 | AB69: 159119.52 | AE69: 151511.45 | AF69: 76771.95 | AG69: 0 | AH69: 122050.29 | AI69: 138521.37 | AJ69: 138078.32 | AK69: 136162.19 | AL69: 139332.39 | AM69: 95712.18 | AN69: 62912.61 | AO69: 57346.04 | AQ69: 0 | AS69: 69165.85 | AT69: 75231.59 | AU69: 62768.45 | AZ69: 56043.72 | BA69: 60360.86 | BB69: 9288.1 | BC69: 0 | BD69: 50741.36 | BE69: 72382.78 | BF69: 94287.35 | BG69: 71538.07 | BH69: 58473.86 | BI69: 64955.31 | BJ69: 63474.32 | BL69: 72642.52 | BM69: 71904.48 | BN69: 76123.45
A70: IBGE:2906808 | B70: BA | C70: Bahia | D70: CANSANCAO | E70: 2906808 | F70: MEDIO | G70: 206513.17 | H70: 204458.84 | I70: 205983.6 | J70: 201454.19 | K70: 204073.46 | L70: 203426.96 | M70: 201324.22 | N70: 206273.45 | O70: 198638.7 | P70: 190098.55 | Q70: 201262.13 | R70: 191950.76 | S70: 144379.23 | T70: 0 | U70: 186501.42 | V70: 203615.34 | W70: 156980.26 | X70: 195798.65 | Y70: 199216.09 | Z70: 203585.67 | AA70: 156319.34 | AB70: 202434.84 | AE70: 152926.67 | AF70: 143682.03 | AG70: 146675.09 | AH70: 55025.38 | AI70: 108981.04 | AJ70: 120035.88 | AK70: 109597.54 | AL70: 108468.95 | AM70: 117293.37 | AN70: 118696.04 | AO70: 119454.43 | AQ70: 118718.48 | AR70: 118006.99 | AS70: 127540.21 | AT70: 109874.12 | AU70: 130573.07 | AV70: 123222.72 | AW70: 119543.4 | AX70: 122826.62 | AY70: 114920.66 | AZ70: 123957.09 | BA70: 108678.54 | BB70: 114867.66 | BC70: 152395.02 | BD70: 103572.22 | BE70: 112757.3 | BF70: 139591.12 | BG70: 132153.31 | BH70: 126675.96 | BI70: 139979.11 | BJ70: 127985.07 | BK70: 131673.34 | BL70: 133424.63 | BM70: 127895.49 | BN70: 129168
A71: IBGE:2906824 | B71: BA | C71: Bahia | D71: CANUDOS | E71: 2906824 | F71: MEDIO | G71: 83949.42 | H71: 69684.2 | I71: 73349.19 | J71: 72804.39 | K71: 69275.23 | L71: 63416.55 | M71: 61313.81 | N71: 63433.33 | O71: 63123.66 | P71: 56093.3 | Q71: 71941.95 | R71: 70202.36 | S71: 57057.37 | T71: 0 | U71: 53226.06 | V71: 55897.09 | W71: 58540.01 | X71: 53719.15 | Y71: 61920.93 | Z71: 52216.75 | AA71: 29243.14 | AB71: 38337.21 | AE71: 32623.81 | AF71: 43877.07 | AG71: 47777.05 | AH71: 44373.59 | AI71: 45235.9 | AJ71: 38809.63 | AK71: 47380.07 | AL71: 48338.27 | AM71: 46874.78 | AN71: 51192.72 | AO71: 51816.92 | AQ71: 63636 | AR71: 57127.22 | AS71: 56153.89 | AT71: 58485.78 | AU71: 62776.12 | AV71: 55558.59 | AW71: 48846.91 | AX71: 52968.81 | AY71: 50120.93 | AZ71: 58269.34 | BA71: 48531.68 | BB71: 42672.65 | BC71: 64688.51 | BD71: 55605 | BE71: 40092.17 | BF71: 58750.71 | BG71: 50261.41 | BH71: 45179.08 | BI71: 49985.55 | BJ71: 62665 | BK71: 64861.97 | BL71: 63749.91 | BM71: 57634.67 | BN71: 59368.44
A72: IBGE:2906857 | B72: BA | C72: Bahia | D72: CAPELA DO ALTO ALEGRE | E72: 2906857 | F72: MEDIO | G72: 0 | H72: 0 | I72: 0 | J72: 19974.37 | K72: 30680.39 | L72: 36008.96 | M72: 39220.82 | N72: 40272.14 | O72: 38826.98 | P72: 41617.89 | Q72: 0 | R72: 10554.35 | S72: 26302.49 | T72: 0 | U72: 37701.24 | V72: 47584.02 | W72: 49458.41 | X72: 45856.44 | Y72: 46392.46 | Z72: 45137.13 | AA72: 46879.4 | AB72: 48575.71 | AE72: 49108.54 | AF72: 49108.54 | AG72: 48175.41 | AH72: 48175.41 | AI72: 42066.36 | AJ72: 47971.47 | AK72: 33672.33 | AL72: 33274.05 | AM72: 37449.38 | AN72: 39867.18 | AO72: 40641.32 | AQ72: 47203.61 | AR72: 47605.91 | AS72: 47336.76 | AT72: 44699.54 | AU72: 43313.85 | AV72: 44808.63 | AW72: 50945.64 | AX72: 47587.61 | AY72: 45963.08 | AZ72: 43138.8 | BA72: 43618.35 | BB72: 50727.04 | BC72: 43703.26 | BD72: 38247.92 | BE72: 37673.17 | BF72: 0 | BG72: 0 | BH72: 35685.46 | BI72: 43114.89 | BJ72: 38184.29 | BK72: 0 | BL72: 0 | BM72: 25190.71
A73: IBGE:2906873 | B73: BA | C73: Bahia | D73: CAPIM GROSSO | E73: 2906873 | F73: MEDIO | AE73: 12302.04 | AF73: 18096.8 | AG73: 11788.32 | AH73: 16518.46 | AI73: 19349.28 | AJ73: 19771.13 | AK73: 15384.49 | AL73: 18884.98 | AM73: 18884.98 | AN73: 9289.52 | AO73: 18294.09 | AQ73: 13764.66 | AR73: 18061.27 | AS73: 18271.81 | AT73: 18600.2 | AU73: 15623.51 | AV73: 14458.7 | AW73: 17874.29 | AX73: 16535.81 | AY73: 14082.36 | AZ73: 15846.64 | BA73: 17227.48 | BB73: 10629.71 | BC73: 0 | BD73: 10797.57 | BE73: 11071.14 | BF73: 19449.09 | BG73: 0 | BH73: 13634.92 | BI73: 15582.33 | BJ73: 12640.19 | BK73: 11866.28 | BL73: 11050.41 | BM73: 14413.99
A74: IBGE:2906899 | B74: BA | C74: Bahia | D74: CARAIBAS | E74: 2906899 | F74: MEDIO | G74: 44640.93 | H74: 96940.08 | I74: 98360.48 | J74: 96281.58 | K74: 95094.11 | L74: 92560.27 | M74: 96345.55 | N74: 93623.91 | O74: 94101.94 | P74: 94500.51 | Q74: 94219.18 | R74: 92434.03 | S74: 71853.59 | T74: 0 | U74: 87814.67 | V74: 101553.36 | W74: 101112.52 | X74: 101366.32 | Y74: 102098.88 | Z74: 102447.37 | AA74: 102150.81 | AB74: 103073.81 | AE74: 97569.21 | AF74: 92844.47 | AG74: 50610.93 | AH74: 5303.3 | AI74: 2718.06 | AJ74: 49411.87 | AK74: 48373.79 | AL74: 48413.43 | AM74: 46007.99 | AN74: 42145.67 | AO74: 36967.21 | AQ74: 58073.24 | AS74: 51310.32 | AT74: 56132.44 | AU74: 50637.02 | AZ74: 48115.48 | BA74: 41699.27 | BB74: 6581.99 | BC74: 0 | BD74: 41311.55 | BE74: 39659.68 | BF74: 64138.2 | BG74: 47464.5 | BH74: 33685.42 | BI74: 43895.77 | BJ74: 33240.37 | BL74: 39651.43 | BM74: 32769.48 | BN74: 39743.34
A75: IBGE:2907103 | B75: BA | C75: Bahia | D75: CARINHANHA | E75: 2907103 | F75: MEDIO | P75: 27351.2 | Q75: 75077.2 | R75: 73690.39 | S75: 73593.49 | T75: 0 | U75: 0 | V75: 81524.84 | W75: 81137.57 | X75: 81229.78 | Y75: 81745.72 | Z75: 84196.48 | AA75: 78904.62 | AB75: 85526.36 | AE75: 78936.52 | AF75: 74857.58 | AG75: 56693.57 | AH75: 63786.23 | AI75: 63790.62 | AJ75: 64831.54 | AK75: 63680.12 | AL75: 63719.76 | AM75: 62149.52 | AN75: 56287.53 | AO75: 58683.83 | AQ75: 54114.77
A76: IBGE:2907202 | B76: BA | C76: Bahia | D76: CASA NOVA | E76: 2907202 | F76: MEDIO | G76: 770630.76 | H76: 788519.91 | I76: 795089.19 | J76: 803401.79 | K76: 813135.46 | L76: 805061.56 | M76: 797106.66 | N76: 728397.57 | O76: 722671.95 | P76: 725569.26 | Q76: 575073.9 | R76: 573057.23 | S76: 574493.06 | T76: 730774.43 | U76: 730774.43 | V76: 728291.5 | W76: 633664.04 | X76: 637415.19 | Y76: 63670.09 | Z76: 635185.31 | AA76: 654728.06 | AB76: 639048.31 | AE76: 642901.93 | AF76: 579456.16 | AG76: 642891.39 | AH76: 654098.03 | AI76: 696045.85 | AJ76: 696377.79 | AK76: 696920.81 | AL76: 711534.78 | AM76: 711614.87 | AN76: 710395.88 | AO76: 782334.48 | AQ76: 801416.61 | AR76: 800043.8 | AS76: 799543.8 | AT76: 779685.76 | AU76: 0 | AV76: 752052.94 | AW76: 769706.95 | AX76: 735911.98 | AY76: 591299.01 | AZ76: 591295.35 | BA76: 516068.73 | BB76: 560778.29 | BC76: 670689.06 | BD76: 564304.52 | BF76: 753488.73 | BG76: 710623.65 | BH76: 662285.5 | BI76: 784505.56 | BJ76: 713766.57 | BK76: 668875.53 | BL76: 742387.27 | BM76: 652771.67 | BN76: 699219.56
A77: IBGE:2907558 | B77: BA | C77: Bahia | D77: CATURAMA | E77: 2907558 | F77: MEDIO | G77: 63477.21 | H77: 61380.4 | I77: 64523.11 | J77: 64409.97 | K77: 63124.02 | L77: 59003.37 | M77: 61129.49 | N77: 60946.56 | O77: 60142.81 | P77: 53026.74 | Q77: 60260.05 | R77: 59013.17 | S77: 53461.16 | T77: 35289.7 | U77: 60876.23 | V77: 64134.26 | W77: 63746.99 | X77: 63727.97 | Y77: 64560.78 | Z77: 63705.88 | AA77: 64580.48 | AB77: 65774.67 | AE77: 57270.72 | AF77: 32640.28 | AG77: 31084.02 | AH77: 30366.45 | AI77: 31964.59 | AJ77: 30451.92 | AK77: 29856.26 | AL77: 29444.67 | AM77: 28776.6 | AN77: 28231.19 | AO77: 19669.47 | AR77: 26911.12 | AS77: 27457.94 | AT77: 30571.4 | AU77: 21215.87 | AV77: 27385.38 | AW77: 32191.58 | AX77: 25951.04 | AY77: 26157.24 | AZ77: 24616.05 | BA77: 26395.11 | BB77: 25285.04 | BC77: 31372.43 | BD77: 17374.41 | BE77: 15647.34 | BG77: 0 | BH77: 13980.56 | BI77: 28796.91 | BJ77: 16062.01 | BK77: 17570.09 | BL77: 17375.59 | BM77: 18313.59
A78: IBGE:2907608 | B78: BA | C78: Bahia | D78: CENTRAL | E78: 2907608 | F78: MEDIO | G78: 0 | H78: 17619.71 | I78: 26502.67 | J78: 28134.33 | K78: 16959.8 | L78: 25064.56 | M78: 24636.56 | N78: 26130.5 | O78: 20691.92 | P78: 24193.36 | Q78: 20846.36 | R78: 26835.03 | S78: 20677.87 | T78: 20126.56 | U78: 25082.24 | V78: 35250.8 | W78: 43052.75 | X78: 39014.18 | Y78: 24300.93 | Z78: 22228.89 | AA78: 24300.93 | AB78: 24300.93 | AE78: 21416.2 | AF78: 21839.26 | AG78: 22272.63 | AH78: 22272.63 | AI78: 24318.47 | AJ78: 20953.06 | AK78: 17719.64 | AL78: 17966.6 | AM78: 17883.7 | AN78: 13947.43 | AO78: 16924.09 | AQ78: 20392.59 | AR78: 18870.82 | AS78: 19375.48 | AT78: 19936.51 | AU78: 18606.38 | AV78: 16963.76 | AW78: 22209.67 | AX78: 18933.98 | AY78: 17331.81 | AZ78: 16669.95 | BA78: 18353.11 | BB78: 18756.32 | BC78: 24163.8 | BD78: 16327.15 | BE78: 16874.37 | BF78: 24199.58 | BG78: 28487.88 | BH78: 16701.26 | BI78: 21544.77 | BJ78: 14655.71 | BK78: 13661.34 | BL78: 14681.25 | BM78: 14650.5
A79: IBGE:2907707 | B79: BA | C79: Bahia | D79: CHORROCHO | E79: 2907707 | F79: MEDIO | G79: 190480.63 | H79: 185176.4 | I79: 188452.26 | J79: 198585.89 | K79: 194472.71 | L79: 185373.17 | M79: 176627.54 | N79: 162531.39 | O79: 158724.08 | P79: 161621.39 | Q79: 169934.85 | R79: 167918.18 | S79: 168268.19 | T79: 182117.18 | U79: 182117.18 | V79: 179634.2 | W79: 183336.42 | X79: 186698.34 | Y79: 185984.07 | Z79: 183466.48 | AA79: 179331.56 | AB79: 173277.97 | AE79: 166320.58 | AF79: 172328 | AG79: 178721.79 | AH79: 177371.07 | AI79: 180594.94 | AJ79: 225394.24 | AK79: 203156.36 | AL79: 200209.42 | AM79: 204401.6 | AN79: 206422.92 | AO79: 201294.64 | AQ79: 205940.32 | AR79: 161922.75 | AS79: 85478.84 | AT79: 145075.19 | AU79: 130369.21 | AV79: 147674.66 | AW79: 144121.12 | AX79: 154421.44 | AY79: 143339.1 | AZ79: 142478.47 | BA79: 143396.35 | BB79: 138001.12 | BC79: 183933.75 | BD79: 119119.08 | BE79: 150048.82 | BF79: 156893.53 | BG79: 156800 | BH79: 127067.86 | BI79: 183265.06 | BJ79: 154994.9 | BK79: 158757.66 | BL79: 158682.01 | BM79: 144831.86 | BN79: 155613.26
A80: IBGE:2908705 | B80: BA | C80: Bahia | D80: CONDEUBA | E80: 2908705 | F80: MEDIO | G80: 34235.06 | H80: 30947.45 | I80: 32191.9 | J80: 31020.58 | K80: 30246.1 | L80: 27813.2 | M80: 31036.33 | N80: 29636.33 | O80: 27489.63 | P80: 29158.46 | Q80: 28789.15 | R80: 27338.25 | S80: 23009.13 | T80: 0 | U80: 0 | V80: 30691.42 | W80: 30076.49 | X80: 30338.28 | Y80: 31171.09 | Z80: 30950.42 | AA80: 31727.54 | AB80: 32650.54 | AE80: 25623.87 | AF80: 25591.93 | AG80: 24641.89 | AH80: 23958.45 | AI80: 22553.31 | AJ80: 21469.07 | AK80: 23332.21 | AL80: 23196.88 | AM80: 22820.75 | AN80: 21198.61 | AO80: 20589.26 | AQ80: 32873.81 | AS80: 27856.05 | AT80: 33064.51 | AU80: 27458.06
A81: IBGE:2909000 | B81: BA | C81: Bahia | D81: CORDEIROS | E81: 2909000 | F81: MEDIO | G81: 37058.67 | H81: 33978.55 | I81: 35714.38 | J81: 34668.08 | K81: 33360.74 | L81: 30714.16 | M81: 34294.02 | N81: 32894.02 | O81: 32030.67 | P81: 32429.24 | Q81: 32147.91 | R81: 31026.92 | S81: 26309.5 | T81: 0 | U81: 0 | V81: 33534.35 | W81: 33147.08 | X81: 33176.34 | Y81: 34009.15 | Z81: 34357.64 | AA81: 34993.45 | AB81: 35916.45 | AE81: 29314.6 | AF81: 27513.58 | AG81: 17874.94 | AH81: 18731.18 | AI81: 18866.95 | AJ81: 20844.79 | AK81: 20516.37 | AL81: 20398.99 | AM81: 16576.08 | AN81: 17645.56 | AO81: 19265.27 | AS81: 23309.14 | AT81: 28548.57 | AU81: 22416.18
A82: IBGE:2909109 | B82: BA | C82: Bahia | D82: CORIBE | E82: 2909109 | F82: MEDIO | K82: 56914.16 | L82: 59089.75 | M82: 57461.26 | N82: 55364.32 | O82: 70277.57 | P82: 73334.13 | Q82: 74838.84 | R82: 72895.04 | S82: 55607.91 | U82: 81478.8 | V82: 94582.08 | W82: 94592.52 | X82: 106281.63 | Y82: 105935.06 | Z82: 105592.63 | AA82: 102991.21 | AB82: 105099.89 | AE82: 101109.62 | AF82: 104904.71 | AG82: 97406.74 | AH82: 105505.18 | AI82: 100741.12 | AJ82: 96480.95 | AK82: 102377.75 | AL82: 102105.71 | AM82: 103524.44 | AN82: 110714.88 | AO82: 97517.58 | AQ82: 106977 | AR82: 97649.05 | AT82: 49874.26 | AU82: 96191.06 | AY82: 78247.68 | AZ82: 75544.38 | BA82: 84126.04 | BB82: 83197.93 | BC82: 87683.91 | BD82: 87199.79 | BE82: 98450.36 | BF82: 100380.67 | BG82: 95449.1 | BH82: 92918.12 | BI82: 97997.72 | BJ82: 101624.25 | BK82: 88647.3 | BL82: 123284.47 | BM82: 89871.53
A83: IBGE:2909208 | B83: BA | C83: Bahia | D83: CORONEL JOAO SA | E83: 2909208 | F83: MEDIO | G83: 352160.83 | H83: 278204.81 | I83: 353027.55 | J83: 352482.75 | K83: 351122.65 | L83: 287707.43 | M83: 285604.69 | N83: 288223.5 | O83: 282542.8 | P83: 291552.3 | Q83: 344905.24 | R83: 348529.79 | S83: 330194.53 | T83: 154294.17 | U83: 353486.83 | V83: 350157.14 | W83: 351360.91 | X83: 218773.37 | Y83: 226584.53 | Z83: 163910.2 | AA83: 189819.39 | AB83: 213912.27 | AE83: 216807.57 | AF83: 216056.69 | AG83: 220626.13 | AH83: 218005.99 | AI83: 216490.15 | AJ83: 234659.4 | AK83: 242114.09 | AL83: 240277.3 | AM83: 241349.31 | AN83: 248710.84 | AO83: 253343.68 | AQ83: 248508.03 | AR83: 248305.11 | AS83: 225509.11 | AT83: 183699.13 | AU83: 233290.55 | AV83: 227301.19 | AW83: 217776.37 | AX83: 218275.68 | AY83: 220064.47 | AZ83: 226031.81 | BA83: 212708.82 | BB83: 216148.2 | BC83: 271956.65 | BD83: 190285.03 | BE83: 195261.69 | BF83: 259320.38 | BG83: 266321.37 | BH83: 238409.69 | BI83: 274402.82 | BJ83: 236439.15 | BK83: 262782.23 | BL83: 241751.8 | BM83: 253565.81 | BN83: 263156.19
A84: IBGE:2909307 | B84: BA | C84: Bahia | D84: CORRENTINA | E84: 2909307 | F84: MEDIO | G84: 22307.8 | H84: 24405.19 | I84: 27309.39 | J84: 26285.99 | K84: 25824.24 | L84: 24961.9 | M84: 25624.75 | N84: 24095.47 | O84: 21859.91 | P84: 24883.83 | Q84: 24288.65 | R84: 24625.92 | S84: 24382.65 | U84: 17320.95 | V84: 22859.74 | W84: 19137.35 | X84: 19873.89 | Y84: 17387.95 | Z84: 15924.51 | AA84: 13271.04 | AB84: 18773.92 | AE84: 5816.84 | AF84: 14759.54 | AG84: 17180.36 | AH84: 16385.45 | AI84: 13023.27 | AJ84: 13846.97 | AK84: 13236.23 | AL84: 14011.04 | AM84: 14332.14
A85: IBGE:2909406 | B85: BA | C85: Bahia | D85: COTEGIPE | E85: 2909406 | F85: MEDIO | G85: 68005.63 | H85: 67479.23 | I85: 83028.67 | J85: 76460.03 | K85: 95559.75 | L85: 92298.37 | M85: 96234.91 | N85: 94414.08 | O85: 102551.64 | P85: 108063.99 | Q85: 117163.89 | R85: 118517.31 | S85: 77934.36 | U85: 119580.75 | V85: 146199.86 | W85: 136947.08 | X85: 142686.25 | Y85: 142869.59 | Z85: 144239.95 | AA85: 140867.55 | AB85: 142723.32 | AE85: 127269.47 | AF85: 147212.49 | AG85: 65465.83 | AH85: 89377.49 | AI85: 88161.54 | AJ85: 71343.57 | AK85: 87091.53 | AL85: 86402.35 | AM85: 86003.31 | AN85: 94808.71 | AO85: 73661.17 | AQ85: 85975.87 | AR85: 79332.62 | AT85: 47184.61 | AU85: 67823.77 | BC85: 24925.93 | BD85: 31256.97 | BE85: 31239.06 | BF85: 48513.24 | BG85: 50296.65 | BH85: 39768.95 | BI85: 32910.49 | BJ85: 27896.06 | BK85: 54687.07 | BL85: 91904.29 | BM85: 28980.16
A86: IBGE:2909703 | B86: BA | C86: Bahia | D86: CRISTOPOLIS | E86: 2909703 | F86: MEDIO | G86: 25004.94 | H86: 28412.58 | I86: 32349.34 | J86: 29158.48 | K86: 30715.53 | L86: 27727.15 | M86: 28561.64 | N86: 29570.36 | O86: 56633.73 | P86: 67408.34 | Q86: 66155.16 | R86: 63627.8 | S86: 42724.75 | U86: 60662.28 | V86: 71325.23 | W86: 75319.73 | X86: 76354.08 | Y86: 71011.78 | Z86: 72877.49 | AA86: 68957.05 | AB86: 77380.43 | AE86: 57859.31 | AF86: 70639.3 | AG86: 34111.76 | AH86: 32260.57 | AI86: 27857.9 | AJ86: 22442.21 | AK86: 29601.86 | AL86: 31104.05 | AM86: 31333.03 | AN86: 37057.13 | AO86: 31725.65 | AQ86: 41000.47 | AR86: 29652.91 | AT86: 21987.52 | AU86: 27481.46
A87: IBGE:2909901 | B87: BA | C87: Bahia | D87: CURACA | E87: 2909901 | F87: MEDIO | G87: 226346.58 | H87: 202008.29 | I87: 212476.08 | J87: 232593.83 | K87: 233708.46 | L87: 225435.08 | M87: 216689.45 | N87: 202040.28 | O87: 194232.41 | P87: 197877.47 | Q87: 202922.35 | R87: 200905.68 | S87: 201255.68 | T87: 221628.01 | U87: 221628.01 | V87: 219145.1 | W87: 219997.87 | X87: 223260.72 | Y87: 222396.77 | Z87: 220424.4 | AA87: 236723.99 | AB87: 211554.22 | AE87: 252827.25 | AF87: 246068.53 | AG87: 254992.59 | AH87: 245392.59 | AI87: 219257.18 | AJ87: 218180.42 | AK87: 218987.33 | AL87: 206281.76 | AM87: 203850.45 | AN87: 202369.64 | AO87: 203438.8 | AQ87: 203773.54 | AR87: 222310.74 | AS87: 221810.74 | AT87: 183213.08 | AU87: 191774.74 | AV87: 149232.42 | AW87: 148579.44 | AZ87: 66084.2 | BA87: 49348.49 | BB87: 50560.34 | BC87: 57720.06 | BD87: 48290.72 | BF87: 89180.15 | BG87: 70652.31 | BH87: 72617.78 | BI87: 125037.06 | BJ87: 32389.6 | BK87: 24214.57 | BL87: 24362.05 | BM87: 8626.61
A88: IBGE:2910107 | B88: BA | C88: Bahia | D88: DOM BASILIO | E88: 2910107 | F88: MEDIO | G88: 156959.58 | H88: 153923.02 | I88: 156060.45 | J88: 155014.15 | K88: 154349.28 | L88: 146327.93 | M88: 149814.58 | N88: 146289.45 | O88: 147887.01 | P88: 148899.83 | Q88: 148618.5 | R88: 146496.3 | S88: 146135.2 | T88: 0 | U88: 0 | V88: 159488.22 | W88: 159100.95 | X88: 158431.59 | Y88: 159264.4 | Z88: 159612.89 | AA88: 162656.15 | AB88: 162868.84 | AE88: 156235.56 | AF88: 152236.1 | AG88: 39432.8 | AH88: 79434.76 | AI88: 101281.51 | AJ88: 93005.54 | AK88: 98558.18 | AL88: 103026.69 | AM88: 104840.92 | AN88: 103430.17 | AO88: 107564.45 | AQ88: 103767.21 | AS88: 107119.04 | AT88: 101709.53 | AU88: 107223.6 | AV88: 60062.67 | AW88: 57998.63 | AX88: 54115.74 | AY88: 45172.12 | AZ88: 46903.61 | BA88: 41138.27 | BB88: 9786.37 | BC88: 0 | BD88: 37755.82 | BE88: 29295.12 | BF88: 0 | BG88: 0 | BH88: 27937.69 | BI88: 46250.67 | BJ88: 39482.4 | BK88: 38034.47 | BL88: 43847.99 | BM88: 51631.56 | BN88: 46513.8
A89: IBGE:2910404 | B89: BA | C89: Bahia | D89: ENCRUZILHADA - BA | E89: 2910404 | F89: MEDIO | G89: 37760.12 | H89: 36914.14 | I89: 33898.8 | J89: 31036.12 | K89: 31998.88 | L89: 22203.11 | M89: 25426.24 | N89: 24026.24 | O89: 32173.72 | P89: 23800.15 | Q89: 29754.45 | R89: 25220.75 | S89: 25074.5 | T89: 22768.68 | U89: 32819.16 | V89: 35704.54 | W89: 35767.79 | X89: 29047.76 | Y89: 30267.81 | Z89: 30349.05 | AA89: 30837.93 | AB89: 38457.5 | AE89: 32423.85 | AF89: 28581.98 | AG89: 13450.38 | AH89: 18768.89 | AI89: 18996.3 | AJ89: 17078.52 | AK89: 14007.96 | AL89: 18745.61 | AM89: 19624.03 | AN89: 18016.88 | AO89: 14348.09 | AQ89: 29947.7 | AS89: 25445.66 | AT89: 30899.05 | AU89: 25401.15 | AZ89: 0 | BA89: 0 | BB89: 0 | BC89: 0 | BD89: 11331.92 | BE89: 9498.28 | BF89: 29571.33 | BG89: 13755.83 | BH89: 7384.21 | BI89: 16974.39 | BJ89: 11750.88 | BK89: 11956.31 | BL89: 11634.15 | BM89: 14403.76 | BN89: 14206.91
A90: IBGE:2910701 | B90: BA | C90: Bahia | D90: EUCLIDES DA CUNHA | E90: 2910701 | F90: MEDIO | G90: 48180.24 | H90: 51539.18 | I90: 46708.49 | J90: 46163.69 | K90: 45217.97 | L90: 46949.97 | M90: 44847.23 | N90: 47788.01 | O90: 47885.29 | P90: 48735.73 | Q90: 63298.09 | R90: 67910.74 | S90: 45014.92 | T90: 49439.45 | U90: 36109.77 | V90: 45656.29 | W90: 44971.12 | X90: 42244.5 | Y90: 48170.83 | Z90: 44348.07 | AA90: 41185.2 | AB90: 34139.57 | AE90: 31403.02 | AF90: 36780.46 | AG90: 42478.24 | AH90: 27576.83 | AI90: 35353.99 | AJ90: 48530.48 | AK90: 39118.29 | AL90: 45245.34 | AM90: 36682.39 | AN90: 42448.92 | AO90: 43475.75 | AQ90: 51241.75 | AR90: 40237.66 | AS90: 39187.22 | AT90: 40785.38 | AU90: 40550.53 | AV90: 39969.82 | AW90: 34679.7 | AX90: 36644.79 | AY90: 34407.78 | AZ90: 42470.11 | BA90: 29874.59 | BB90: 35150.42 | BC90: 44456.03 | BD90: 32757.27 | BE90: 27867.37 | BF90: 39156.47 | BG90: 30478.38 | BH90: 29717.03 | BI90: 31358.53 | BJ90: 28080.73 | BK90: 37162.94 | BL90: 38281.55 | BM90: 37084.8 | BN90: 36815.97
A91: IBGE:2910800 | B91: BA | C91: Bahia | D91: FEIRA DE SANTANA | E91: 2910800 | F91: MEDIO | G91: 41328.38 | H91: 32032.28 | I91: 37114.63 | J91: 25999.6 | K91: 0 | L91: 0 | AE91: 0 | AF91: 0 | AG91: 15001.11 | AH91: 20343.98 | AI91: 26313.8 | AJ91: 25291.59 | AK91: 18685.21 | AL91: 19053.94 | AM91: 21539.42 | AN91: 23321.04 | AO91: 19744.17 | AQ91: 30379.8 | AR91: 29310.42 | AS91: 23385.44 | AT91: 27938.45 | AU91: 19632.16 | AV91: 0 | AW91: 0 | AX91: 31557.08 | AY91: 27558.7 | AZ91: 24803.14 | BA91: 25983.09 | BB91: 17731.39 | BC91: 0 | BD91: 26288.58 | BE91: 21255.71 | BG91: 0 | BH91: 22990.24 | BI91: 29235.49 | BJ91: 28227.09 | BK91: 20111.63 | BL91: 20272.43 | BM91: 12381.82
A92: IBGE:2910859 | B92: BA | C92: Bahia | D92: FILADELFIA | E92: 2910859 | F92: MEDIO | G92: 59586.87 | H92: 58284.2 | I92: 59057.3 | J92: 58512.5 | K92: 38348.79 | L92: 41612.43 | M92: 39509.69 | N92: 42605.2 | O92: 40039.32 | P92: 33720.91 | Q92: 58170.99 | R92: 59020.71 | S92: 38538.19 | T92: 0 | U92: 0 | V92: 47729.37 | W92: 50773.37 | X92: 44502.45 | Y92: 52126.27 | Z92: 37698.11 | AA92: 30378.84 | AB92: 35411.89 | AE92: 33337.57 | AF92: 40466.99 | AG92: 40952.72 | AH92: 38510.35 | AI92: 38429.92 | AJ92: 46716.61 | AK92: 43714.21 | AL92: 43687.16 | AM92: 40720.02 | AN92: 43666.94 | AO92: 43765.31 | AQ92: 17138.64 | AR92: 33637.7 | AS92: 33533.23 | AT92: 36654.67 | AU92: 27692.01 | AV92: 33462.5 | AW92: 36042.63 | AX92: 32716.72 | AY92: 32180.06 | AZ92: 30681.93 | BA92: 31432.66 | BB92: 26300.31 | BC92: 32721.69 | BD92: 23503.56 | BE92: 25449.41 | BG92: 0 | BH92: 20926.67 | BI92: 22291.69 | BJ92: 17637.02 | BK92: 19216.21 | BL92: 18455.57 | BM92: 19111.16
A93: IBGE:2911105 | B93: BA | C93: Bahia | D93: FORMOSA DO RIO PRETO | E93: 2911105 | F93: MEDIO | G93: 39461.21 | H93: 41378.15 | I93: 46243.32 | J93: 36569.99 | K93: 44120.01 | L93: 39525.2 | M93: 44117.39 | N93: 50809.03 | O93: 45111.08 | P93: 51744.26 | Q93: 51917.2 | R93: 51803.27 | S93: 44291.56 | T93: 9346.36 | U93: 16458.86 | V93: 31012.45 | W93: 34248.37 | X93: 32875.81 | Y93: 34693.16 | Z93: 33611.42 | AA93: 31232 | AB93: 33414.94 | AE93: 29861.73 | AF93: 26756.17 | AG93: 38559.97 | AH93: 36386.15 | AI93: 18277.04 | AJ93: 28880.61 | AK93: 37311 | AL93: 29539.09 | AM93: 26743.67
A94: IBGE:2911253 | B94: BA | C94: Bahia | D94: GAVIAO - BA | E94: 2911253 | F94: MEDIO | G94: 0 | H94: 17566.31 | I94: 40610.41 | J94: 47558.86 | K94: 0 | L94: 12754.92 | M94: 38688.23 | N94: 42497.93 | O94: 35885.13 | P94: 39634.58 | Q94: 0 | R94: 59911.77 | S94: 32792.17 | T94: 51561.14 | U94: 0 | V94: 0 | W94: 0 | X94: 35908.08 | Y94: 35437.54 | Z94: 32500.25 | AA94: 33378.44 | AB94: 30617.79 | AE94: 35256.4 | AF94: 35229.69 | AG94: 33529.22 | AH94: 34533.97 | AI94: 32864.83 | AJ94: 31935.2 | AK94: 29317.7 | AL94: 28792.39 | AM94: 28176.44 | AN94: 20620.42 | AO94: 28773.8 | AQ94: 32726 | AR94: 32028.72 | AS94: 30984.81 | AT94: 36294.94 | AU94: 32707.78 | AV94: 34572.65 | AW94: 39432.75 | AX94: 39098.06 | AY94: 36469.56 | AZ94: 33814.64 | BA94: 36512.41 | BB94: 36574.13 | BC94: 41063.56 | BD94: 35370.21 | BE94: 36213.7 | BG94: 0 | BH94: 36670.58 | BI94: 37178.38 | BJ94: 32000.42 | BK94: 35199.54 | BL94: 24391.99 | BM94: 24707.78
A95: IBGE:2911303 | B95: BA | C95: Bahia | D95: GENTIO DE OURO - BA | E95: 2911303 | F95: MEDIO | G95: 46945.46 | H95: 34678.51 | I95: 32036.45 | J95: 41454.07 | K95: 21889.44 | L95: 34355.77 | M95: 31288.77 | N95: 34759.65 | O95: 27206.44 | P95: 31664 | Q95: 27018.3 | R95: 28243.94 | S95: 27361.01 | T95: 36738.64 | U95: 32685.46 | V95: 0 | W95: 0 | X95: 0 | Y95: 28270.66 | Z95: 28266.85 | AA95: 26970.75 | AB95: 27217.91 | AE95: 22775.98 | AF95: 27855.92 | AG95: 27679.14 | AH95: 25198.37 | AI95: 20532.17 | AJ95: 28100.98 | AK95: 7708.01 | AL95: 17080.68 | AM95: 13926.65 | AN95: 14606.18 | AO95: 16241.15 | AR95: 12600.6 | AS95: 14746.87 | AT95: 22256.56 | AU95: 14170.17 | AV95: 15757.68 | AW95: 13873.02 | AX95: 15749.88 | AY95: 0 | BB95: 6448.45 | BC95: 15862.04 | BD95: 8871.23 | BE95: 5770.6 | BF95: 22837.11 | BG95: 12455.04 | BJ95: 8719.48 | BK95: 8683.53 | BL95: 4481.9
A96: IBGE:2911659 | B96: BA | C96: Bahia | D96: GUAJERU | E96: 2911659 | F96: MEDIO | G96: 0 | H96: 132194.49 | I96: 128225.79 | J96: 127101.65 | K96: 131293.29 | L96: 116265.41 | M96: 119110.84 | N96: 116439.96 | O96: 117074.34 | P96: 117472.91 | Q96: 117191.58 | R96: 115695.7 | S96: 88556.29 | T96: 0 | U96: 122222.42 | V96: 126515.65 | W96: 126128.38 | X96: 125767.46 | Y96: 126600.27 | Z96: 126948.76 | AA96: 129401.37 | AB96: 130324.37 | AE96: 121720.43 | AF96: 120764.96 | AG96: 80637.22 | AH96: 5303.3 | AI96: 2718.06 | AJ96: 79977.92 | AK96: 77999.98 | AL96: 78866.14 | AM96: 73553.25 | AN96: 71918.59 | AO96: 73784.06 | AQ96: 79691.46 | AS96: 82580.53 | AT96: 87819.96 | AU96: 84058.43 | BA96: 38839.83 | BB96: 1582.77 | BC96: 33748.18 | BD96: 33524.25 | BE96: 25877.65 | BF96: 32768.43 | BG96: 38178.62 | BH96: 30464.46 | BI96: 35892.19 | BJ96: 34146 | BK96: 28020.97 | BL96: 25493.23 | BM96: 21499.12 | BN96: 21518.35
A97: IBGE:2911709 | B97: BA | C97: Bahia | D97: GUANAMBI - BA | E97: 2911709 | F97: MEDIO | G97: 95198.46 | H97: 92017.72 | I97: 93676.44 | J97: 92630.14 | K97: 91965.27 | L97: 84614.59 | M97: 89964.87 | N97: 88564.87 | O97: 87471.91 | P97: 87870.48 | Q97: 87589.15 | R97: 85828.78 | S97: 85731.88 | T97: 0 | U97: 0 | V97: 94387.82 | W97: 94000.55 | X97: 94520.28 | Y97: 95353.09 | Z97: 95511.07 | AA97: 94962.59 | AB97: 95885.59 | AE97: 80415.91 | AF97: 66351.31 | AG97: 56692.5 | AH97: 51276.56 | AI97: 61149.98 | AJ97: 64475.89 | AK97: 63620.81 | AL97: 67463.28 | AM97: 61857.39 | AN97: 58694 | AO97: 59701.58
A98: IBGE:2911907 | B98: BA | C98: Bahia | D98: IACU | E98: 2911907 | F98: MEDIO | G98: 0 | H98: 0 | I98: 32543.66 | J98: 40736.67 | K98: 29777.67 | L98: 25067.56 | M98: 0 | N98: 15371.74 | O98: 28638.79 | P98: 47649.03 | Q98: 44285.24 | R98: 55042.78 | S98: 25962.66 | T98: 0 | U98: 0 | V98: 34178.79 | W98: 62929.84 | X98: 58959.18 | Y98: 57629.7 | Z98: 43264.64 | AA98: 45249.21 | AB98: 40878.38 | AE98: 38470.65 | AF98: 38713.52 | AG98: 38896.94 | AH98: 38115.57 | AI98: 38896.94 | AJ98: 38407.24 | AK98: 27450.46 | AL98: 28673.66 | AM98: 31382.9 | AN98: 28899.44 | AO98: 32533.73 | AQ98: 32573.15 | AR98: 33655.96 | AS98: 35347.83 | AT98: 34415.85 | AU98: 32748.2 | AV98: 19322.62 | AX98: 23743.47 | AY98: 31964.76 | AZ98: 30628.31 | BA98: 33133.47 | BB98: 33775.71 | BC98: 45329.7 | BD98: 35499.21 | BE98: 26166.65 | BG98: 0 | BH98: 31856.82 | BI98: 38033.16 | BJ98: 36779.39 | BK98: 32776.9 | BL98: 34919.12 | BM98: 32477.38
A99: IBGE:2912004 | B99: BA | C99: Bahia | D99: IBIASSUCE | E99: 2912004 | F99: MEDIO | G99: 52602.03 | H99: 48509.77 | I99: 50134.67 | J99: 48381.6 | K99: 40670.72 | L99: 44123.68 | M99: 47346.81 | N99: 44247.43 | O99: 45492.29 | P99: 45890.86 | Q99: 45609.53 | R99: 43378.32 | S99: 25798.11 | T99: 0 | U99: 0 | V99: 48636.41 | W99: 48249.14 | X99: 49252.18 | Y99: 50084.99 | Z99: 50433.48 | AA99: 49776.3 | AB99: 50699.3 | AE99: 44288.24 | AF99: 45321.77 | AG99: 35780.02 | AH99: 35575.49 | AI99: 32990.25 | AJ99: 35902.32 | AK99: 34750.9 | AL99: 34790.54 | AM99: 30499.44 | AN99: 28430.05 | AO99: 30036.09 | AQ99: 40452.3 | AS99: 34160.94 | AT99: 38568.78 | AU99: 30540.3 | AV99: 34528.36 | AW99: 44277.12 | AX99: 43510.55 | AY99: 42366.29 | AZ99: 42127.74 | BA99: 33333.65 | BB99: 0 | BC99: 0 | BD99: 35344.38 | BE99: 35956.52 | BF99: 0 | BG99: 0 | BH99: 41576 | BI99: 44826.52 | BJ99: 38400.1 | BK99: 35755.03 | BL99: 43967.09 | BM99: 39946.79 | BN99: 42671.06
A100: IBGE:2912509 | B100: BA | C100: Bahia | D100: IBIPITANGA | E100: 2912509 | F100: MEDIO | G100: 0 | H100: 36367.42 | I100: 35964.71 | J100: 49668.98 | K100: 38773.3 | L100: 43417.91 | M100: 40587.61 | N100: 50159.37 | O100: 35032.67 | P100: 42713.58 | Q100: 46061.28 | R100: 46771.42 | S100: 33124.47 | T100: 0 | U100: 15630.47 | V100: 0 | W100: 25269.24 | X100: 42916.66 | Y100: 43856.45 | Z100: 40908.83 | AA100: 38408.22 | AB100: 40147.8 | AE100: 35399.9 | AF100: 43777.46 | AG100: 40965.43 | AH100: 34188.54 | AI100: 44795.26 | AJ100: 44541.24 | AK100: 30178.27 | AL100: 31087.09 | AM100: 30523.33 | AN100: 27003.73 | AO100: 35675.56 | AQ100: 48367.16 | AR100: 41713.11 | AS100: 37302.44 | AU100: 46236.37 | AV100: 36487.84 | AW100: 40229.27 | AX100: 40737.46 | AY100: 35198.17 | AZ100: 26040.31 | BA100: 34276.8 | BB100: 24082.12 | BC100: 48699.05 | BD100: 41907.64 | BE100: 23211.95 | BG100: 0 | BH100: 44963.34 | BI100: 49464.98 | BJ100: 35847.91 | BK100: 33002.96 | BL100: 35496.41 | BM100: 33059.21
...

Sheet deflatores_ipca
A1: data | B1: ano e mês | C1: ipca_var_pct | D1: It (base dez/2019 = 1) | E1: Dt = 1/It
A2: 42005 | B2: 2015-01 | C2: 1.24 | D2: =D3/(1+C3/100) -> 0.77255644 | E2: =1/D2 -> 1.2944038
A3: 42036 | B3: 2015-02 | C3: 1.22 | D3: =D4/(1+C4/100) -> 0.78198163 | E3: =1/D3 -> 1.2788024
A4: 42064 | B4: 2015-03 | C4: 1.32 | D4: =D5/(1+C5/100) -> 0.79230379 | E4: =1/D4 -> 1.2621421
A5: 42095 | B5: 2015-04 | C5: 0.71 | D5: =D6/(1+C6/100) -> 0.79792914 | E5: =1/D5 -> 1.2532441
A6: 42125 | B6: 2015-05 | C6: 0.74 | D6: =D7/(1+C7/100) -> 0.80383382 | E6: =1/D6 -> 1.2440382
A7: 42156 | B7: 2015-06 | C7: 0.79 | D7: =D8/(1+C8/100) -> 0.81018411 | E7: =1/D7 -> 1.2342874
A8: 42186 | B8: 2015-07 | C8: 0.62 | D8: =D9/(1+C9/100) -> 0.81520725 | E8: =1/D8 -> 1.2266819
A9: 42217 | B9: 2015-08 | C9: 0.22 | D9: =D10/(1+C10/100) -> 0.8170007 | E9: =1/D9 -> 1.2239892
A10: 42248 | B10: 2015-09 | C10: 0.54 | D10: =D11/(1+C11/100) -> 0.82141251 | E10: =1/D10 -> 1.2174151
A11: 42278 | B11: 2015-10 | C11: 0.82 | D11: =D12/(1+C12/100) -> 0.82814809 | E11: =1/D11 -> 1.2075135
A12: 42309 | B12: 2015-11 | C12: 1.01 | D12: =D13/(1+C13/100) -> 0.83651239 | E12: =1/D12 -> 1.1954396
A13: 42339 | B13: 2015-12 | C13: 0.96 | D13: =D14/(1+C14/100) -> 0.8445429 | E13: =1/D13 -> 1.1840725
... A60: 43770 | B60: 2019-11 | C60: 0.51 | D60: =D61/(1+C61/100) -> 0.98863075 | E60: =1/D60 -> 1.0115
A61: 43800 | B61: 2019-12 | C61: 1.15 | D61: =1 -> 1 | E61: =1/D61 -> 1

Sheet CUSTOS REAL_dez2019
A1: key | B1: UF | C1: Estado | D1: Municipio | E1: IBGE | F1: tipo_coluna | G1: 2015-01 | H1: 2015-02 | I1: 2015-03 | J1: 2015-04 | K1: 2015-05 | L1: 2015-06 | M1: 2015-07 | N1: 2015-08 | O1: 2015-09 | P1: 2015-10 | Q1: 2015-11 | R1: 2015-12 | S1: 2016-01 | T1: 2016-02 | U1: 2016-03 | V1: 2016-04 | W1: 2016-05 | X1: 2016-06 | Y1: 2016-07 | Z1: 2016-08 | AA1: 2016-09 | AB1: 2016-10 | AC1: 2016-11 | AD1: 2016-12 | AE1: 2017-01 | AF1: 2017-02 | AG1: 2017-03 | AH1: 2017-04 | AI1: 2017-05 | AJ1: 2017-06 | AK1: 2017-07 | AL1: 2017-08 | AM1: 2017-09 | AN1: 2017-10 | AO1: 2017-11 | AP1: 2017-12 | AQ1: 2018-01 | AR1: 2018-02 | AS1: 2018-03 | AT1: 2018-04 | AU1: 2018-05 | AV1: 2018-06 | AW1: 2018-07 | AX1: 2018-08 | AY1: 2018-09 | AZ1: 2018-10 | BA1: 2018-11 | BB1: 2018-12 | BC1: 2019-01 | BD1: 2019-02 | BE1: 2019-03 | BF1: 2019-04 | BG1: 2019-05 | BH1: 2019-06 | BI1: 2019-07 | BJ1: 2019-08 | BK1: 2019-09 | BL1: 2019-10 | BM1: 2019-11 | BN1: 2019-12
A2: IBGE:2700102 | B2: AL | C2: Alagoas | D2: AGUA BRANCA | E2: 2700102 | F2: MEDIO | G2: =CUSTOS_nominal!G2*VLOOKUP(G$1,deflatores_ipca!$B$2:$E$61,4,FALSE) -> 104432.31 | H2: =CUSTOS_nominal!H2*VLOOKUP(H$1,deflatores_ipca!$B$2:$E$61,4,FALSE) -> 100013.96 | I2: =CUSTOS_nominal!I2*VLOOKUP(I$1,deflatores_ipca!$B$2:$E$61,4,FALSE) -> 98536.51 | J2: =CUSTOS_nominal!J2*VLOOKUP(J$1,deflatores_ipca!$B$2:$E$61,4,FALSE) -> 69231.135 | K2: =CUSTOS_nominal!K2*VLOOKUP(K$1,deflatores_ipca!$B$2:$E$61,4,FALSE) -> 83025.606 | L2: =CUSTOS_nominal!L2*VLOOKUP(L$1,deflatores_ipca!$B$2:$E$61,4,FALSE) -> 91455.003 | M2: =CUSTOS_nominal!M2*VLOOKUP(M$1,deflatores_ipca!$B$2:$E$61,4,FALSE) -> 87449.615 | N2: =CUSTOS_nominal!N2*VLOOKUP(N$1,deflatores_ipca!$B$2:$E$61,4,FALSE) -> 90491.134 | ... AB2: =CUSTOS_nominal!AB2*VLOOKUP(AB$1,deflatores_ipca!$B$2:$E$61,4,FALSE) -> 80483.174 | AE2: =CUSTOS_nominal!AE2*VLOOKUP(AE$1,deflatores_ipca!$B$2:$E$61,4,FALSE) -> 76124.602 | AF2: =CUSTOS_nominal!AF2*VLOOKUP(AF$1,deflatores_ipca!$B$2:$E$61,4,FALSE) -> 71523.003 | AG2: =CUSTOS_nominal!AG2*VLOOKUP(AG$1,deflatores_ipca!$B$2:$E$61,4,FALSE) -> 124568.55 | AH2: =CUSTOS_nominal!AH2*VLOOKUP(AH$1,deflatores_ipca!$B$2:$E$61,4,FALSE) -> 72018.301 | AI2: =CUSTOS_nominal!AI2*VLOOKUP(AI$1,deflatores_ipca!$B$2:$E$61,4,FALSE) -> 77837.782 | AJ2: =CUSTOS_nominal!AJ2*VLOOKUP(AJ$1,deflatores_ipca!$B$2:$E$61,4,FALSE) -> 35415.197 | AK2: =CUSTOS_nominal!AK2*VLOOKUP(AK$1,deflatores_ipca!$B$2:$E$61,4,FALSE) -> 0 | AL2: =CUSTOS_nominal!AL2*VLOOKUP(AL$1,deflatores_ipca!$B$2:$E$61,4,FALSE) -> 9127.7703 | ... AO2: =CUSTOS_nominal!AO2*VLOOKUP(AO$1,deflatores_ipca!$B$2:$E$61,4,FALSE) -> 45080.771 | AQ2: =CUSTOS_nominal!AQ2*VLOOKUP(AQ$1,deflatores_ipca!$B$2:$E$61,4,FALSE) -> 69539.011 | AR2: =CUSTOS_nominal!AR2*VLOOKUP(AR$1,deflatores_ipca!$B$2:$E$61,4,FALSE) -> 57693.381 | AS2: =CUSTOS_nominal!AS2*VLOOKUP(AS$1,deflatores_ipca!$B$2:$E$61,4,FALSE) -> 65028.332 | AT2: =CUSTOS_nominal!AT2*VLOOKUP(AT$1,deflatores_ipca!$B$2:$E$61,4,FALSE) -> 69528.763 | AU2: =CUSTOS_nominal!AU2*VLOOKUP(AU$1,deflatores_ipca!$B$2:$E$61,4,FALSE) -> 67511.836 | AV2: =CUSTOS_nominal!AV2*VLOOKUP(AV$1,deflatores_ipca!$B$2:$E$61,4,FALSE) -> 68169.763 | AW2: =CUSTOS_nominal!AW2*VLOOKUP(AW$1,deflatores_ipca!$B$2:$E$61,4,FALSE) -> 71181.876 | AX2: =CUSTOS_nominal!AX2*VLOOKUP(AX$1,deflatores_ipca!$B$2:$E$61,4,FALSE) -> 23292.851 | ... BN2: =CUSTOS_nominal!BN2*VLOOKUP(BN$1,deflatores_ipca!$B$2:$E$61,4,FALSE) -> 60434.82
A3: IBGE:2700706 | B3: AL | C3: Alagoas | D3: BATALHA | E3: 2700706 | F3: MEDIO | G3: =CUSTOS_nominal!G3*VLOOKUP(G$1,deflatores_ipca!$B$2:$E$61,4,FALSE) -> 79942.871 | H3: =CUSTOS_nominal!H3*VLOOKUP(H$1,deflatores_ipca!$B$2:$E$61,4,FALSE) -> 77948.072 | I3: =CUSTOS_nominal!I3*VLOOKUP(I$1,deflatores_ipca!$B$2:$E$61,4,FALSE) -> 76901.955 | J3: =CUSTOS_nominal!J3*VLOOKUP(J$1,deflatores_ipca!$B$2:$E$61,4,FALSE) -> 53962.962 | K3: =CUSTOS_nominal!K3*VLOOKUP(K$1,deflatores_ipca!$B$2:$E$61,4,FALSE) -> 64359.347 | L3: =CUSTOS_nominal!L3*VLOOKUP(L$1,deflatores_ipca!$B$2:$E$61,4,FALSE) -> 46462.02 | M3: =CUSTOS_nominal!M3*VLOOKUP(M$1,deflatores_ipca!$B$2:$E$61,4,FALSE) -> 54744.778 | N3: =CUSTOS_nominal!N3*VLOOKUP(N$1,deflatores_ipca!$B$2:$E$61,4,FALSE) -> 72902.863 | ... AB3: =CUSTOS_nominal!AB3*VLOOKUP(AB$1,deflatores_ipca!$B$2:$E$61,4,FALSE) -> 97664.826 | AE3: =CUSTOS_nominal!AE3*VLOOKUP(AE$1,deflatores_ipca!$B$2:$E$61,4,FALSE) -> 76630.607 | AF3: =CUSTOS_nominal!AF3*VLOOKUP(AF$1,deflatores_ipca!$B$2:$E$61,4,FALSE) -> 89178.79 | AG3: =CUSTOS_nominal!AG3*VLOOKUP(AG$1,deflatores_ipca!$B$2:$E$61,4,FALSE) -> 137474.61 | AH3: =CUSTOS_nominal!AH3*VLOOKUP(AH$1,deflatores_ipca!$B$2:$E$61,4,FALSE) -> 90591.231 | AI3: =CUSTOS_nominal!AI3*VLOOKUP(AI$1,deflatores_ipca!$B$2:$E$61,4,FALSE) -> 78224.359 | AJ3: =CUSTOS_nominal!AJ3*VLOOKUP(AJ$1,deflatores_ipca!$B$2:$E$61,4,FALSE) -> 48826.869 | AK3: =CUSTOS_nominal!AK3*VLOOKUP(AK$1,deflatores_ipca!$B$2:$E$61,4,FALSE) -> 43578.752 | AL3: =CUSTOS_nominal!AL3*VLOOKUP(AL$1,deflatores_ipca!$B$2:$E$61,4,FALSE) -> 47306.616 | ... AO3: =CUSTOS_nominal!AO3*VLOOKUP(AO$1,deflatores_ipca!$B$2:$E$61,4,FALSE) -> 49748.743 | AQ3: =CUSTOS_nominal!AQ3*VLOOKUP(AQ$1,deflatores_ipca!$B$2:$E$61,4,FALSE) -> 53294.757 | AR3: =CUSTOS_nominal!AR3*VLOOKUP(AR$1,deflatores_ipca!$B$2:$E$61,4,FALSE) -> 44971.454 | AS3: =CUSTOS_nominal!AS3*VLOOKUP(AS$1,deflatores_ipca!$B$2:$E$61,4,FALSE) -> 48153.422 | AT3: =CUSTOS_nominal!AT3*VLOOKUP(AT$1,deflatores_ipca!$B$2:$E$61,4,FALSE) -> 49388.563 | AU3: =CUSTOS_nominal!AU3*VLOOKUP(AU$1,deflatores_ipca!$B$2:$E$61,4,FALSE) -> 47689.775 | AV3: =CUSTOS_nominal!AV3*VLOOKUP(AV$1,deflatores_ipca!$B$2:$E$61,4,FALSE) -> 46234.948 | AW3: =CUSTOS_nominal!AW3*VLOOKUP(AW$1,deflatores_ipca!$B$2:$E$61,4,FALSE) -> 68086.393 | AX3: =CUSTOS_nominal!AX3*VLOOKUP(AX$1,deflatores_ipca!$B$2:$E$61,4,FALSE) -> 27502.854 | ... BN3: =CUSTOS_nominal!BN3*VLOOKUP(BN$1,deflatores_ipca!$B$2:$E$61,4,FALSE) -> 46841.43
A4: IBGE:2501906 | B4: AL | C4: Alagoas | D4: BELEM | E4: 2501906 | F4: MEDIO | G4: =CUSTOS_nominal!G4*VLOOKUP(G$1,deflatores_ipca!$B$2:$E$61,4,FALSE) -> 41512.462 | H4: =CUSTOS_nominal!H4*VLOOKUP(H$1,deflatores_ipca!$B$2:$E$61,4,FALSE) -> 39127.684 | I4: =CUSTOS_nominal!I4*VLOOKUP(I$1,deflatores_ipca!$B$2:$E$61,4,FALSE) -> 38587.32 | J4: =CUSTOS_nominal!J4*VLOOKUP(J$1,deflatores_ipca!$B$2:$E$61,4,FALSE) -> 33140.399 | K4: =CUSTOS_nominal!K4*VLOOKUP(K$1,deflatores_ipca!$B$2:$E$61,4,FALSE) -> 20041.58 | L4: =CUSTOS_nominal!L4*VLOOKUP(L$1,deflatores_ipca!$B$2:$E$61,4,FALSE) -> 38026.098 | M4: =CUSTOS_nominal!M4*VLOOKUP(M$1,deflatores_ipca!$B$2:$E$61,4,FALSE) -> 36131.278 | N4: =CUSTOS_nominal!N4*VLOOKUP(N$1,deflatores_ipca!$B$2:$E$61,4,FALSE) -> 37181.547 | ... AB4: =CUSTOS_nominal!AB4*VLOOKUP(AB$1,deflatores_ipca!$B$2:$E$61,4,FALSE) -> 62454.177 | AE4: =CUSTOS_nominal!AE4*VLOOKUP(AE$1,deflatores_ipca!$B$2:$E$61,4,FALSE) -> 28449.171 | AF4: =CUSTOS_nominal!AF4*VLOOKUP(AF$1,deflatores_ipca!$B$2:$E$61,4,FALSE) -> 32429.017 | AG4: =CUSTOS_nominal!AG4*VLOOKUP(AG$1,deflatores_ipca!$B$2:$E$61,4,FALSE) -> 55526.35 | AH4: =CUSTOS_nominal!AH4*VLOOKUP(AH$1,deflatores_ipca!$B$2:$E$61,4,FALSE) -> 32409.533 | AI4: =CUSTOS_nominal!AI4*VLOOKUP(AI$1,deflatores_ipca!$B$2:$E$61,4,FALSE) -> 31143.871 | AJ4: =CUSTOS_nominal!AJ4*VLOOKUP(AJ$1,deflatores_ipca!$B$2:$E$61,4,FALSE) -> 10914.004 | AK4: =CUSTOS_nominal!AK4*VLOOKUP(AK$1,deflatores_ipca!$B$2:$E$61,4,FALSE) -> 10527.341 | AL4: =CUSTOS_nominal!AL4*VLOOKUP(AL$1,deflatores_ipca!$B$2:$E$61,4,FALSE) -> 14916.322 | ... AO4: =CUSTOS_nominal!AO4*VLOOKUP(AO$1,deflatores_ipca!$B$2:$E$61,4,FALSE) -> 0 | AQ4: =CUSTOS_nominal!AQ4*VLOOKUP(AQ$1,deflatores_ipca!$B$2:$E$61,4,FALSE) -> 0 | AR4: =CUSTOS_nominal!AR4*VLOOKUP(AR$1,deflatores_ipca!$B$2:$E$61,4,FALSE) -> 0 | AS4: =CUSTOS_nominal!AS4*VLOOKUP(AS$1,deflatores_ipca!$B$2:$E$61,4,FALSE) -> 0 | AT4: =CUSTOS_nominal!AT4*VLOOKUP(AT$1,deflatores_ipca!$B$2:$E$61,4,FALSE) -> 0 | AU4: =CUSTOS_nominal!AU4*VLOOKUP(AU$1,deflatores_ipca!$B$2:$E$61,4,FALSE) -> 0 | AV4: =CUSTOS_nominal!AV4*VLOOKUP(AV$1,deflatores_ipca!$B$2:$E$61,4,FALSE) -> 0 | AW4: =CUSTOS_nominal!AW4*VLOOKUP(AW$1,deflatores_ipca!$B$2:$E$61,4,FALSE) -> 0 | AX4: =CUSTOS_nominal!AX4*VLOOKUP(AX$1,deflatores_ipca!$B$2:$E$61,4,FALSE) -> 0 | ... BN4: =CUSTOS_nominal!BN4*VLOOKUP(BN$1,deflatores_ipca!$B$2:$E$61,4,FALSE) -> 0
A5: IBGE:2700904 | B5: AL | C5: Alagoas | D5: BELO MONTE | E5: 2700904 | F5: MEDIO | G5: =CUSTOS_nominal!G5*VLOOKUP(G$1,deflatores_ipca!$B$2:$E$61,4,FALSE) -> 46637.667 | H5: =CUSTOS_nominal!H5*VLOOKUP(H$1,deflatores_ipca!$B$2:$E$61,4,FALSE) -> 45703.03 | I5: =CUSTOS_nominal!I5*VLOOKUP(I$1,deflatores_ipca!$B$2:$E$61,4,FALSE) -> 50125.571 | J5: =CUSTOS_nominal!J5*VLOOKUP(J$1,deflatores_ipca!$B$2:$E$61,4,FALSE) -> 39583.314 | K5: =CUSTOS_nominal!K5*VLOOKUP(K$1,deflatores_ipca!$B$2:$E$61,4,FALSE) -> 39292.549 | L5: =CUSTOS_nominal!L5*VLOOKUP(L$1,deflatores_ipca!$B$2:$E$61,4,FALSE) -> 22203.348 | M5: =CUSTOS_nominal!M5*VLOOKUP(M$1,deflatores_ipca!$B$2:$E$61,4,FALSE) -> 36122.52 | N5: =CUSTOS_nominal!N5*VLOOKUP(N$1,deflatores_ipca!$B$2:$E$61,4,FALSE) -> 43946.229 | ... AB5: =CUSTOS_nominal!AB5*VLOOKUP(AB$1,deflatores_ipca!$B$2:$E$61,4,FALSE) -> 102402.74 | AE5: =CUSTOS_nominal!AE5*VLOOKUP(AE$1,deflatores_ipca!$B$2:$E$61,4,FALSE) -> 87211.919 | AF5: =CUSTOS_nominal!AF5*VLOOKUP(AF$1,deflatores_ipca!$B$2:$E$61,4,FALSE) -> 89302.746 | AG5: =CUSTOS_nominal!AG5*VLOOKUP(AG$1,deflatores_ipca!$B$2:$E$61,4,FALSE) -> 138732.28 | AH5: =CUSTOS_nominal!AH5*VLOOKUP(AH$1,deflatores_ipca!$B$2:$E$61,4,FALSE) -> 90807.569 | AI5: =CUSTOS_nominal!AI5*VLOOKUP(AI$1,deflatores_ipca!$B$2:$E$61,4,FALSE) -> 57403.348 | AJ5: =CUSTOS_nominal!AJ5*VLOOKUP(AJ$1,deflatores_ipca!$B$2:$E$61,4,FALSE) -> 30870.812 | AK5: =CUSTOS_nominal!AK5*VLOOKUP(AK$1,deflatores_ipca!$B$2:$E$61,4,FALSE) -> 16538.916 | AL5: =CUSTOS_nominal!AL5*VLOOKUP(AL$1,deflatores_ipca!$B$2:$E$61,4,FALSE) -> 10942.61 | ... AO5: =CUSTOS_nominal!AO5*VLOOKUP(AO$1,deflatores_ipca!$B$2:$E$61,4,FALSE) -> 39752.295 | AQ5: =CUSTOS_nominal!AQ5*VLOOKUP(AQ$1,deflatores_ipca!$B$2:$E$61,4,FALSE) -> 41893.019 | AR5: =CUSTOS_nominal!AR5*VLOOKUP(AR$1,deflatores_ipca!$B$2:$E$61,4,FALSE) -> 36157.489 | AS5: =CUSTOS_nominal!AS5*VLOOKUP(AS$1,deflatores_ipca!$B$2:$E$61,4,FALSE) -> 39437.261 | AT5: =CUSTOS_nominal!AT5*VLOOKUP(AT$1,deflatores_ipca!$B$2:$E$61,4,FALSE) -> 38200.475 | AU5: =CUSTOS_nominal!AU5*VLOOKUP(AU$1,deflatores_ipca!$B$2:$E$61,4,FALSE) -> 39117.789 | AV5: =CUSTOS_nominal!AV5*VLOOKUP(AV$1,deflatores_ipca!$B$2:$E$61,4,FALSE) -> 37135.516 | AW5: =CUSTOS_nominal!AW5*VLOOKUP(AW$1,deflatores_ipca!$B$2:$E$61,4,FALSE) -> 67507.749 | AX5: =CUSTOS_nominal!AX5*VLOOKUP(AX$1,deflatores_ipca!$B$2:$E$61,4,FALSE) -> 34964.617 | ... BN5: =CUSTOS_nominal!BN5*VLOOKUP(BN$1,deflatores_ipca!$B$2:$E$61,4,FALSE) -> 67917.2
A6: IBGE:2701209 | B6: AL | C6: Alagoas | D6: CACIMBINHAS | E6: 2701209 | F6: MEDIO | G6: =CUSTOS_nominal!G6*VLOOKUP(G$1,deflatores_ipca!$B$2:$E$61,4,FALSE) -> 0 | H6: =CUSTOS_nominal!H6*VLOOKUP(H$1,deflatores_ipca!$B$2:$E$61,4,FALSE) -> 0 | I6: =CUSTOS_nominal!I6*VLOOKUP(I$1,deflatores_ipca!$B$2:$E$61,4,FALSE) -> 0 | J6: =CUSTOS_nominal!J6*VLOOKUP(J$1,deflatores_ipca!$B$2:$E$61,4,FALSE) -> 0 | K6: =CUSTOS_nominal!K6*VLOOKUP(K$1,deflatores_ipca!$B$2:$E$61,4,FALSE) -> 0 | L6: =CUSTOS_nominal!L6*VLOOKUP(L$1,deflatores_ipca!$B$2:$E$61,4,FALSE) -> 0 | M6: =CUSTOS_nominal!M6*VLOOKUP(M$1,deflatores_ipca!$B$2:$E$61,4,FALSE) -> 0 | N6: =CUSTOS_nominal!N6*VLOOKUP(N$1,deflatores_ipca!$B$2:$E$61,4,FALSE) -> 0 | ... AB6: =CUSTOS_nominal!AB6*VLOOKUP(AB$1,deflatores_ipca!$B$2:$E$61,4,FALSE) -> 180248.84 | AE6: =CUSTOS_nominal!AE6*VLOOKUP(AE$1,deflatores_ipca!$B$2:$E$61,4,FALSE) -> 165559.94 | AF6: =CUSTOS_nominal!AF6*VLOOKUP(AF$1,deflatores_ipca!$B$2:$E$61,4,FALSE) -> 169924.32 | AG6: =CUSTOS_nominal!AG6*VLOOKUP(AG$1,deflatores_ipca!$B$2:$E$61,4,FALSE) -> 218145.3 | AH6: =CUSTOS_nominal!AH6*VLOOKUP(AH$1,deflatores_ipca!$B$2:$E$61,4,FALSE) -> 171145.29 | AI6: =CUSTOS_nominal!AI6*VLOOKUP(AI$1,deflatores_ipca!$B$2:$E$61,4,FALSE) -> 181931.82 | AJ6: =CUSTOS_nominal!AJ6*VLOOKUP(AJ$1,deflatores_ipca!$B$2:$E$61,4,FALSE) -> 27850.129 | AK6: =CUSTOS_nominal!AK6*VLOOKUP(AK$1,deflatores_ipca!$B$2:$E$61,4,FALSE) -> 8527.7995 | AL6: =CUSTOS_nominal!AL6*VLOOKUP(AL$1,deflatores_ipca!$B$2:$E$61,4,FALSE) -> 83318.449 | ... AO6: =CUSTOS_nominal!AO6*VLOOKUP(AO$1,deflatores_ipca!$B$2:$E$61,4,FALSE) -> 141301.82 | AQ6: =CUSTOS_nominal!AQ6*VLOOKUP(AQ$1,deflatores_ipca!$B$2:$E$61,4,FALSE) -> 157412.42 | AR6: =CUSTOS_nominal!AR6*VLOOKUP(AR$1,deflatores_ipca!$B$2:$E$61,4,FALSE) -> 136495.07 | AS6: =CUSTOS_nominal!AS6*VLOOKUP(AS$1,deflatores_ipca!$B$2:$E$61,4,FALSE) -> 150653.33 | AT6: =CUSTOS_nominal!AT6*VLOOKUP(AT$1,deflatores_ipca!$B$2:$E$61,4,FALSE) -> 144308.24 | AU6: =CUSTOS_nominal!AU6*VLOOKUP(AU$1,deflatores_ipca!$B$2:$E$61,4,FALSE) -> 137762.14 | AV6: =CUSTOS_nominal!AV6*VLOOKUP(AV$1,deflatores_ipca!$B$2:$E$61,4,FALSE) -> 142905.53 | AW6: =CUSTOS_nominal!AW6*VLOOKUP(AW$1,deflatores_ipca!$B$2:$E$61,4,FALSE) -> 151603.09 | AX6: =CUSTOS_nominal!AX6*VLOOKUP(AX$1,deflatores_ipca!$B$2:$E$61,4,FALSE) -> 58896.585 | ... BN6: =CUSTOS_nominal!BN6*VLOOKUP(BN$1,deflatores_ipca!$B$2:$E$61,4,FALSE) -> 109486.35
A7: IBGE:2701605 | B7: AL | C7: Alagoas | D7: CANAPI | E7: 2701605 | F7: MEDIO | G7: =CUSTOS_nominal!G7*VLOOKUP(G$1,deflatores_ipca!$B$2:$E$61,4,FALSE) -> 114302.99 | H7: =CUSTOS_nominal!H7*VLOOKUP(H$1,deflatores_ipca!$B$2:$E$61,4,FALSE) -> 91786.056 | I7: =CUSTOS_nominal!I7*VLOOKUP(I$1,deflatores_ipca!$B$2:$E$61,4,FALSE) -> 103798.86 | J7: =CUSTOS_nominal!J7*VLOOKUP(J$1,deflatores_ipca!$B$2:$E$61,4,FALSE) -> 101273.44 | K7: =CUSTOS_nominal!K7*VLOOKUP(K$1,deflatores_ipca!$B$2:$E$61,4,FALSE) -> 103182.83 | L7: =CUSTOS_nominal!L7*VLOOKUP(L$1,deflatores_ipca!$B$2:$E$61,4,FALSE) -> 108993.5 | M7: =CUSTOS_nominal!M7*VLOOKUP(M$1,deflatores_ipca!$B$2:$E$61,4,FALSE) -> 107109.36 | N7: =CUSTOS_nominal!N7*VLOOKUP(N$1,deflatores_ipca!$B$2:$E$61,4,FALSE) -> 108735.37 | ... AB7: =CUSTOS_nominal!AB7*VLOOKUP(AB$1,deflatores_ipca!$B$2:$E$61,4,FALSE) -> 134511.69 | AE7: =CUSTOS_nominal!AE7*VLOOKUP(AE$1,deflatores_ipca!$B$2:$E$61,4,FALSE) -> 174640.33 | AF7: =CUSTOS_nominal!AF7*VLOOKUP(AF$1,deflatores_ipca!$B$2:$E$61,4,FALSE) -> 184829.17 | AG7: =CUSTOS_nominal!AG7*VLOOKUP(AG$1,deflatores_ipca!$B$2:$E$61,4,FALSE) -> 229154.74 | AH7: =CUSTOS_nominal!AH7*VLOOKUP(AH$1,deflatores_ipca!$B$2:$E$61,4,FALSE) -> 181505.01 | AI7: =CUSTOS_nominal!AI7*VLOOKUP(AI$1,deflatores_ipca!$B$2:$E$61,4,FALSE) -> 176431.58 | AJ7: =CUSTOS_nominal!AJ7*VLOOKUP(AJ$1,deflatores_ipca!$B$2:$E$61,4,FALSE) -> 79919.87 | AK7: =CUSTOS_nominal!AK7*VLOOKUP(AK$1,deflatores_ipca!$B$2:$E$61,4,FALSE) -> 124665.93 | AL7: =CUSTOS_nominal!AL7*VLOOKUP(AL$1,deflatores_ipca!$B$2:$E$61,4,FALSE) -> 12552.349 | ... AO7: =CUSTOS_nominal!AO7*VLOOKUP(AO$1,deflatores_ipca!$B$2:$E$61,4,FALSE) -> 143282.97 | AQ7: =CUSTOS_nominal!AQ7*VLOOKUP(AQ$1,deflatores_ipca!$B$2:$E$61,4,FALSE) -> 147580.39 | AR7: =CUSTOS_nominal!AR7*VLOOKUP(AR$1,deflatores_ipca!$B$2:$E$61,4,FALSE) -> 133580.47 | AS7: =CUSTOS_nominal!AS7*VLOOKUP(AS$1,deflatores_ipca!$B$2:$E$61,4,FALSE) -> 138922.23 | AT7: =CUSTOS_nominal!AT7*VLOOKUP(AT$1,deflatores_ipca!$B$2:$E$61,4,FALSE) -> 147377.72 | AU7: =CUSTOS_nominal!AU7*VLOOKUP(AU$1,deflatores_ipca!$B$2:$E$61,4,FALSE) -> 144180.73 | AV7: =CUSTOS_nominal!AV7*VLOOKUP(AV$1,deflatores_ipca!$B$2:$E$61,4,FALSE) -> 146517.2 | AW7: =CUSTOS_nominal!AW7*VLOOKUP(AW$1,deflatores_ipca!$B$2:$E$61,4,FALSE) -> 161397.22 | AX7: =CUSTOS_nominal!AX7*VLOOKUP(AX$1,deflatores_ipca!$B$2:$E$61,4,FALSE) -> 115462.38 | ... BN7: =CUSTOS_nominal!BN7*VLOOKUP(BN$1,deflatores_ipca!$B$2:$E$61,4,FALSE) -> 190927.71
A8: IBGE:2701803 | B8: AL | C8: Alagoas | D8: CARNEIROS | E8: 2701803 | F8: MEDIO | G8: =CUSTOS_nominal!G8*VLOOKUP(G$1,deflatores_ipca!$B$2:$E$61,4,FALSE) -> 41910.634 | H8: =CUSTOS_nominal!H8*VLOOKUP(H$1,deflatores_ipca!$B$2:$E$61,4,FALSE) -> 40774.526 | I8: =CUSTOS_nominal!I8*VLOOKUP(I$1,deflatores_ipca!$B$2:$E$61,4,FALSE) -> 44442.271 | J8: =CUSTOS_nominal!J8*VLOOKUP(J$1,deflatores_ipca!$B$2:$E$61,4,FALSE) -> 38954.073 | K8: =CUSTOS_nominal!K8*VLOOKUP(K$1,deflatores_ipca!$B$2:$E$61,4,FALSE) -> 35219.17 | L8: =CUSTOS_nominal!L8*VLOOKUP(L$1,deflatores_ipca!$B$2:$E$61,4,FALSE) -> 42864.146 | M8: =CUSTOS_nominal!M8*VLOOKUP(M$1,deflatores_ipca!$B$2:$E$61,4,FALSE) -> 41173.015 | N8: =CUSTOS_nominal!N8*VLOOKUP(N$1,deflatores_ipca!$B$2:$E$61,4,FALSE) -> 40381.483 | ... AB8: =CUSTOS_nominal!AB8*VLOOKUP(AB$1,deflatores_ipca!$B$2:$E$61,4,FALSE) -> 65125.522 | AE8: =CUSTOS_nominal!AE8*VLOOKUP(AE$1,deflatores_ipca!$B$2:$E$61,4,FALSE) -> 50591.965 | AF8: =CUSTOS_nominal!AF8*VLOOKUP(AF$1,deflatores_ipca!$B$2:$E$61,4,FALSE) -> 58401.322 | AG8: =CUSTOS_nominal!AG8*VLOOKUP(AG$1,deflatores_ipca!$B$2:$E$61,4,FALSE) -> 103873.29 | AH8: =CUSTOS_nominal!AH8*VLOOKUP(AH$1,deflatores_ipca!$B$2:$E$61,4,FALSE) -> 56240.938 | AI8: =CUSTOS_nominal!AI8*VLOOKUP(AI$1,deflatores_ipca!$B$2:$E$61,4,FALSE) -> 56481.541 | AJ8: =CUSTOS_nominal!AJ8*VLOOKUP(AJ$1,deflatores_ipca!$B$2:$E$61,4,FALSE) -> 14278.947 | AK8: =CUSTOS_nominal!AK8*VLOOKUP(AK$1,deflatores_ipca!$B$2:$E$61,4,FALSE) -> 0 | AL8: =CUSTOS_nominal!AL8*VLOOKUP(AL$1,deflatores_ipca!$B$2:$E$61,4,FALSE) -> 17310.903 | ... AO8: =CUSTOS_nominal!AO8*VLOOKUP(AO$1,deflatores_ipca!$B$2:$E$61,4,FALSE) -> 29087.465 | AQ8: =CUSTOS_nominal!AQ8*VLOOKUP(AQ$1,deflatores_ipca!$B$2:$E$61,4,FALSE) -> 31079.529 | AR8: =CUSTOS_nominal!AR8*VLOOKUP(AR$1,deflatores_ipca!$B$2:$E$61,4,FALSE) -> 24446.984 | AS8: =CUSTOS_nominal!AS8*VLOOKUP(AS$1,deflatores_ipca!$B$2:$E$61,4,FALSE) -> 27838.104 | AT8: =CUSTOS_nominal!AT8*VLOOKUP(AT$1,deflatores_ipca!$B$2:$E$61,4,FALSE) -> 29983.667 | AU8: =CUSTOS_nominal!AU8*VLOOKUP(AU$1,deflatores_ipca!$B$2:$E$61,4,FALSE) -> 27579.002 | AV8: =CUSTOS_nominal!AV8*VLOOKUP(AV$1,deflatores_ipca!$B$2:$E$61,4,FALSE) -> 29716.236 | AW8: =CUSTOS_nominal!AW8*VLOOKUP(AW$1,deflatores_ipca!$B$2:$E$61,4,FALSE) -> 32979.344 | AX8: =CUSTOS_nominal!AX8*VLOOKUP(AX$1,deflatores_ipca!$B$2:$E$61,4,FALSE) -> 15089.597 | ... BN8: =CUSTOS_nominal!BN8*VLOOKUP(BN$1,deflatores_ipca!$B$2:$E$61,4,FALSE) -> 39076.97
A9: IBGE:2702009 | B9: AL | C9: Alagoas | D9: COITE DO NOIA | E9: 2702009 | F9: MEDIO | G9: =CUSTOS_nominal!G9*VLOOKUP(G$1,deflatores_ipca!$B$2:$E$61,4,FALSE) -> 29092.282 | H9: =CUSTOS_nominal!H9*VLOOKUP(H$1,deflatores_ipca!$B$2:$E$61,4,FALSE) -> 27930.362 | I9: =CUSTOS_nominal!I9*VLOOKUP(I$1,deflatores_ipca!$B$2:$E$61,4,FALSE) -> 27269.061 | J9: =CUSTOS_nominal!J9*VLOOKUP(J$1,deflatores_ipca!$B$2:$E$61,4,FALSE) -> 22166.868 | K9: =CUSTOS_nominal!K9*VLOOKUP(K$1,deflatores_ipca!$B$2:$E$61,4,FALSE) -> 20279.067 | L9: =CUSTOS_nominal!L9*VLOOKUP(L$1,deflatores_ipca!$B$2:$E$61,4,FALSE) -> 27055.431 | M9: =CUSTOS_nominal!M9*VLOOKUP(M$1,deflatores_ipca!$B$2:$E$61,4,FALSE) -> 25435.765 | N9: =CUSTOS_nominal!N9*VLOOKUP(N$1,deflatores_ipca!$B$2:$E$61,4,FALSE) -> 25887.432 | ... AB9: =CUSTOS_nominal!AB9*VLOOKUP(AB$1,deflatores_ipca!$B$2:$E$61,4,FALSE) -> 58864.015 | AE9: =CUSTOS_nominal!AE9*VLOOKUP(AE$1,deflatores_ipca!$B$2:$E$61,4,FALSE) -> 44682.565 | AF9: =CUSTOS_nominal!AF9*VLOOKUP(AF$1,deflatores_ipca!$B$2:$E$61,4,FALSE) -> 52610.935 | AG9: =CUSTOS_nominal!AG9*VLOOKUP(AG$1,deflatores_ipca!$B$2:$E$61,4,FALSE) -> 98097.34 | AH9: =CUSTOS_nominal!AH9*VLOOKUP(AH$1,deflatores_ipca!$B$2:$E$61,4,FALSE) -> 50473.065 | AI9: =CUSTOS_nominal!AI9*VLOOKUP(AI$1,deflatores_ipca!$B$2:$E$61,4,FALSE) -> 46713.963 | AJ9: =CUSTOS_nominal!AJ9*VLOOKUP(AJ$1,deflatores_ipca!$B$2:$E$61,4,FALSE) -> 11187.251 | AK9: =CUSTOS_nominal!AK9*VLOOKUP(AK$1,deflatores_ipca!$B$2:$E$61,4,FALSE) -> 7153.1115 | AL9: =CUSTOS_nominal!AL9*VLOOKUP(AL$1,deflatores_ipca!$B$2:$E$61,4,FALSE) -> 13208.988 | ... AO9: =CUSTOS_nominal!AO9*VLOOKUP(AO$1,deflatores_ipca!$B$2:$E$61,4,FALSE) -> 20152.658 | AQ9: =CUSTOS_nominal!AQ9*VLOOKUP(AQ$1,deflatores_ipca!$B$2:$E$61,4,FALSE) -> 21316.293 | AR9: =CUSTOS_nominal!AR9*VLOOKUP(AR$1,deflatores_ipca!$B$2:$E$61,4,FALSE) -> 18390.737 | AS9: =CUSTOS_nominal!AS9*VLOOKUP(AS$1,deflatores_ipca!$B$2:$E$61,4,FALSE) -> 19855.931 | AT9: =CUSTOS_nominal!AT9*VLOOKUP(AT$1,deflatores_ipca!$B$2:$E$61,4,FALSE) -> 17864.046 | AU9: =CUSTOS_nominal!AU9*VLOOKUP(AU$1,deflatores_ipca!$B$2:$E$61,4,FALSE) -> 18161.171 | AV9: =CUSTOS_nominal!AV9*VLOOKUP(AV$1,deflatores_ipca!$B$2:$E$61,4,FALSE) -> 0 | AW9: =CUSTOS_nominal!AW9*VLOOKUP(AW$1,deflatores_ipca!$B$2:$E$61,4,FALSE) -> 0 | AX9: =CUSTOS_nominal!AX9*VLOOKUP(AX$1,deflatores_ipca!$B$2:$E$61,4,FALSE) -> 0 | ... BN9: =CUSTOS_nominal!BN9*VLOOKUP(BN$1,deflatores_ipca!$B$2:$E$61,4,FALSE) -> 16402.08
A10: IBGE:2702355 | B10: AL | C10: Alagoas | D10: CRAIBAS | E10: 2702355 | F10: MEDIO | G10: =CUSTOS_nominal!G10*VLOOKUP(G$1,deflatores_ipca!$B$2:$E$61,4,FALSE) -> 73870.124 | H10: =CUSTOS_nominal!H10*VLOOKUP(H$1,deflatores_ipca!$B$2:$E$61,4,FALSE) -> 72199.752 | I10: =CUSTOS_nominal!I10*VLOOKUP(I$1,deflatores_ipca!$B$2:$E$61,4,FALSE) -> 70739.129 | J10: =CUSTOS_nominal!J10*VLOOKUP(J$1,deflatores_ipca!$B$2:$E$61,4,FALSE) -> 53511.531 | K10: =CUSTOS_nominal!K10*VLOOKUP(K$1,deflatores_ipca!$B$2:$E$61,4,FALSE) -> 63330.864 | L10: =CUSTOS_nominal!L10*VLOOKUP(L$1,deflatores_ipca!$B$2:$E$61,4,FALSE) -> 69904.469 | M10: =CUSTOS_nominal!M10*VLOOKUP(M$1,deflatores_ipca!$B$2:$E$61,4,FALSE) -> 67813.222 | N10: =CUSTOS_nominal!N10*VLOOKUP(N$1,deflatores_ipca!$B$2:$E$61,4,FALSE) -> 67277.886 | ... AB10: =CUSTOS_nominal!AB10*VLOOKUP(AB$1,deflatores_ipca!$B$2:$E$61,4,FALSE) -> 80601.492 | AE10: =CUSTOS_nominal!AE10*VLOOKUP(AE$1,deflatores_ipca!$B$2:$E$61,4,FALSE) -> 64390.113 | AF10: =CUSTOS_nominal!AF10*VLOOKUP(AF$1,deflatores_ipca!$B$2:$E$61,4,FALSE) -> 70266.434 | AG10: =CUSTOS_nominal!AG10*VLOOKUP(AG$1,deflatores_ipca!$B$2:$E$61,4,FALSE) -> 117063.79 | AH10: =CUSTOS_nominal!AH10*VLOOKUP(AH$1,deflatores_ipca!$B$2:$E$61,4,FALSE) -> 69679.54 | AI10: =CUSTOS_nominal!AI10*VLOOKUP(AI$1,deflatores_ipca!$B$2:$E$61,4,FALSE) -> 62975.271 | AJ10: =CUSTOS_nominal!AJ10*VLOOKUP(AJ$1,deflatores_ipca!$B$2:$E$61,4,FALSE) -> 16031.477 | AK10: =CUSTOS_nominal!AK10*VLOOKUP(AK$1,deflatores_ipca!$B$2:$E$61,4,FALSE) -> 8165.7083 | AL10: =CUSTOS_nominal!AL10*VLOOKUP(AL$1,deflatores_ipca!$B$2:$E$61,4,FALSE) -> 24095.282 | ... AO10: =CUSTOS_nominal!AO10*VLOOKUP(AO$1,deflatores_ipca!$B$2:$E$61,4,FALSE) -> 38338.209 | AQ10: =CUSTOS_nominal!AQ10*VLOOKUP(AQ$1,deflatores_ipca!$B$2:$E$61,4,FALSE) -> 40337.545 | AR10: =CUSTOS_nominal!AR10*VLOOKUP(AR$1,deflatores_ipca!$B$2:$E$61,4,FALSE) -> 34585.057 | AS10: =CUSTOS_nominal!AS10*VLOOKUP(AS$1,deflatores_ipca!$B$2:$E$61,4,FALSE) -> 35874.801 | AT10: =CUSTOS_nominal!AT10*VLOOKUP(AT$1,deflatores_ipca!$B$2:$E$61,4,FALSE) -> 34130.972 | AU10: =CUSTOS_nominal!AU10*VLOOKUP(AU$1,deflatores_ipca!$B$2:$E$61,4,FALSE) -> 35224.725 | AV10: =CUSTOS_nominal!AV10*VLOOKUP(AV$1,deflatores_ipca!$B$2:$E$61,4,FALSE) -> 0 | AW10: =CUSTOS_nominal!AW10*VLOOKUP(AW$1,deflatores_ipca!$B$2:$E$61,4,FALSE) -> 0 | AX10: =CUSTOS_nominal!AX10*VLOOKUP(AX$1,deflatores_ipca!$B$2:$E$61,4,FALSE) -> 0 | ... BN10: =CUSTOS_nominal!BN10*VLOOKUP(BN$1,deflatores_ipca!$B$2:$E$61,4,FALSE) -> 35035.45
A11: IBGE:2702405 | B11: AL | C11: Alagoas | D11: DELMIRO GOUVEIA | E11: 2702405 | F11: MEDIO | G11: =CUSTOS_nominal!G11*VLOOKUP(G$1,deflatores_ipca!$B$2:$E$61,4,FALSE) -> 31780.06 | H11: =CUSTOS_nominal!H11*VLOOKUP(H$1,deflatores_ipca!$B$2:$E$61,4,FALSE) -> 37139.453 | I11: =CUSTOS_nominal!I11*VLOOKUP(I$1,deflatores_ipca!$B$2:$E$61,4,FALSE) -> 38668.009 | J11: =CUSTOS_nominal!J11*VLOOKUP(J$1,deflatores_ipca!$B$2:$E$61,4,FALSE) -> 33220.393 | K11: =CUSTOS_nominal!K11*VLOOKUP(K$1,deflatores_ipca!$B$2:$E$61,4,FALSE) -> 28615.591 | L11: =CUSTOS_nominal!L11*VLOOKUP(L$1,deflatores_ipca!$B$2:$E$61,4,FALSE) -> 38706.462 | M11: =CUSTOS_nominal!M11*VLOOKUP(M$1,deflatores_ipca!$B$2:$E$61,4,FALSE) -> 36421.168 | N11: =CUSTOS_nominal!N11*VLOOKUP(N$1,deflatores_ipca!$B$2:$E$61,4,FALSE) -> 33980.974 | ... AB11: =CUSTOS_nominal!AB11*VLOOKUP(AB$1,deflatores_ipca!$B$2:$E$61,4,FALSE) -> 55136.976 | AE11: =CUSTOS_nominal!AE11*VLOOKUP(AE$1,deflatores_ipca!$B$2:$E$61,4,FALSE) -> 40482.508 | AF11: =CUSTOS_nominal!AF11*VLOOKUP(AF$1,deflatores_ipca!$B$2:$E$61,4,FALSE) -> 47194.074 | AG11: =CUSTOS_nominal!AG11*VLOOKUP(AG$1,deflatores_ipca!$B$2:$E$61,4,FALSE) -> 92526.073 | AH11: =CUSTOS_nominal!AH11*VLOOKUP(AH$1,deflatores_ipca!$B$2:$E$61,4,FALSE) -> 44909.587 | AI11: =CUSTOS_nominal!AI11*VLOOKUP(AI$1,deflatores_ipca!$B$2:$E$61,4,FALSE) -> 43049.606 | AJ11: =CUSTOS_nominal!AJ11*VLOOKUP(AJ$1,deflatores_ipca!$B$2:$E$61,4,FALSE) -> 13417.738 | AK11: =CUSTOS_nominal!AK11*VLOOKUP(AK$1,deflatores_ipca!$B$2:$E$61,4,FALSE) -> 14996.28 | AL11: =CUSTOS_nominal!AL11*VLOOKUP(AL$1,deflatores_ipca!$B$2:$E$61,4,FALSE) -> 13934.834 | ... AO11: =CUSTOS_nominal!AO11*VLOOKUP(AO$1,deflatores_ipca!$B$2:$E$61,4,FALSE) -> 13280.256 | AQ11: =CUSTOS_nominal!AQ11*VLOOKUP(AQ$1,deflatores_ipca!$B$2:$E$61,4,FALSE) -> 14900.824 | AR11: =CUSTOS_nominal!AR11*VLOOKUP(AR$1,deflatores_ipca!$B$2:$E$61,4,FALSE) -> 12488.853 | AS11: =CUSTOS_nominal!AS11*VLOOKUP(AS$1,deflatores_ipca!$B$2:$E$61,4,FALSE) -> 13435.653 | AT11: =CUSTOS_nominal!AT11*VLOOKUP(AT$1,deflatores_ipca!$B$2:$E$61,4,FALSE) -> 11485.783 | AU11: =CUSTOS_nominal!AU11*VLOOKUP(AU$1,deflatores_ipca!$B$2:$E$61,4,FALSE) -> 11518.656 | AV11: =CUSTOS_nominal!AV11*VLOOKUP(AV$1,deflatores_ipca!$B$2:$E$61,4,FALSE) -> 11598.981 | AW11: =CUSTOS_nominal!AW11*VLOOKUP(AW$1,deflatores_ipca!$B$2:$E$61,4,FALSE) -> 13116.587 | AX11: =CUSTOS_nominal!AX11*VLOOKUP(AX$1,deflatores_ipca!$B$2:$E$61,4,FALSE) -> 8300.3041 | ... BN11: =CUSTOS_nominal!BN11*VLOOKUP(BN$1,deflatores_ipca!$B$2:$E$61,4,FALSE) -> 9656.18
A12: IBGE:2702504 | B12: AL | C12: Alagoas | D12: DOIS RIACHOS | E12: 2702504 | F12: MEDIO | G12: =CUSTOS_nominal!G12*VLOOKUP(G$1,deflatores_ipca!$B$2:$E$61,4,FALSE) -> 81155.352 | H12: =CUSTOS_nominal!H12*VLOOKUP(H$1,deflatores_ipca!$B$2:$E$61,4,FALSE) -> 81958.191 | I12: =CUSTOS_nominal!I12*VLOOKUP(I$1,deflatores_ipca!$B$2:$E$61,4,FALSE) -> 80859.831 | J12: =CUSTOS_nominal!J12*VLOOKUP(J$1,deflatores_ipca!$B$2:$E$61,4,FALSE) -> 75114.89 | K12: =CUSTOS_nominal!K12*VLOOKUP(K$1,deflatores_ipca!$B$2:$E$61,4,FALSE) -> 73092.396 | L12: =CUSTOS_nominal!L12*VLOOKUP(L$1,deflatores_ipca!$B$2:$E$61,4,FALSE) -> 71713.848 | M12: =CUSTOS_nominal!M12*VLOOKUP(M$1,deflatores_ipca!$B$2:$E$61,4,FALSE) -> 62390.907 | N12: =CUSTOS_nominal!N12*VLOOKUP(N$1,deflatores_ipca!$B$2:$E$61,4,FALSE) -> 56155.79 | ... AB12: =CUSTOS_nominal!AB12*VLOOKUP(AB$1,deflatores_ipca!$B$2:$E$61,4,FALSE) -> 104930.5 | AE12: =CUSTOS_nominal!AE12*VLOOKUP(AE$1,deflatores_ipca!$B$2:$E$61,4,FALSE) -> 90729.313 | AF12: =CUSTOS_nominal!AF12*VLOOKUP(AF$1,deflatores_ipca!$B$2:$E$61,4,FALSE) -> 96446.591 | AG12: =CUSTOS_nominal!AG12*VLOOKUP(AG$1,deflatores_ipca!$B$2:$E$61,4,FALSE) -> 140467.69 | AH12: =CUSTOS_nominal!AH12*VLOOKUP(AH$1,deflatores_ipca!$B$2:$E$61,4,FALSE) -> 95068.911 | AI12: =CUSTOS_nominal!AI12*VLOOKUP(AI$1,deflatores_ipca!$B$2:$E$61,4,FALSE) -> 93745.257 | AJ12: =CUSTOS_nominal!AJ12*VLOOKUP(AJ$1,deflatores_ipca!$B$2:$E$61,4,FALSE) -> 53951.845 | AK12: =CUSTOS_nominal!AK12*VLOOKUP(AK$1,deflatores_ipca!$B$2:$E$61,4,FALSE) -> 38671.382 | AL12: =CUSTOS_nominal!AL12*VLOOKUP(AL$1,deflatores_ipca!$B$2:$E$61,4,FALSE) -> 59599.042 | ... AO12: =CUSTOS_nominal!AO12*VLOOKUP(AO$1,deflatores_ipca!$B$2:$E$61,4,FALSE) -> 60023.435 | AQ12: =CUSTOS_nominal!AQ12*VLOOKUP(AQ$1,deflatores_ipca!$B$2:$E$61,4,FALSE) -> 66892.162 | AR12: =CUSTOS_nominal!AR12*VLOOKUP(AR$1,deflatores_ipca!$B$2:$E$61,4,FALSE) -> 49788.627 | AS12: =CUSTOS_nominal!AS12*VLOOKUP(AS$1,deflatores_ipca!$B$2:$E$61,4,FALSE) -> 60900.542 | AT12: =CUSTOS_nominal!AT12*VLOOKUP(AT$1,deflatores_ipca!$B$2:$E$61,4,FALSE) -> 62975.833 | AU12: =CUSTOS_nominal!AU12*VLOOKUP(AU$1,deflatores_ipca!$B$2:$E$61,4,FALSE) -> 61585.677 | AV12: =CUSTOS_nominal!AV12*VLOOKUP(AV$1,deflatores_ipca!$B$2:$E$61,4,FALSE) -> 57520.892 | AW12: =CUSTOS_nominal!AW12*VLOOKUP(AW$1,deflatores_ipca!$B$2:$E$61,4,FALSE) -> 57860.883 | AX12: =CUSTOS_nominal!AX12*VLOOKUP(AX$1,deflatores_ipca!$B$2:$E$61,4,FALSE) -> 31341.67 | ... BN12: =CUSTOS_nominal!BN12*VLOOKUP(BN$1,deflatores_ipca!$B$2:$E$61,4,FALSE) -> 58952.92
A13: IBGE:2702553 | B13: AL | C13: Alagoas | D13: ESTRELA DE ALAGOAS | E13: 2702553 | F13: MEDIO | G13: =CUSTOS_nominal!G13*VLOOKUP(G$1,deflatores_ipca!$B$2:$E$61,4,FALSE) -> 208373.91 | H13: =CUSTOS_nominal!H13*VLOOKUP(H$1,deflatores_ipca!$B$2:$E$61,4,FALSE) -> 206191.37 | I13: =CUSTOS_nominal!I13*VLOOKUP(I$1,deflatores_ipca!$B$2:$E$61,4,FALSE) -> 181354.04 | J13: =CUSTOS_nominal!J13*VLOOKUP(J$1,deflatores_ipca!$B$2:$E$61,4,FALSE) -> 174900.28 | K13: =CUSTOS_nominal!K13*VLOOKUP(K$1,deflatores_ipca!$B$2:$E$61,4,FALSE) -> 179074.55 | L13: =CUSTOS_nominal!L13*VLOOKUP(L$1,deflatores_ipca!$B$2:$E$61,4,FALSE) -> 179950.26 | M13: =CUSTOS_nominal!M13*VLOOKUP(M$1,deflatores_ipca!$B$2:$E$61,4,FALSE) -> 193500.49 | N13: =CUSTOS_nominal!N13*VLOOKUP(N$1,deflatores_ipca!$B$2:$E$61,4,FALSE) -> 180061.58 | ... AB13: =CUSTOS_nominal!AB13*VLOOKUP(AB$1,deflatores_ipca!$B$2:$E$61,4,FALSE) -> 172669.02 | AE13: =CUSTOS_nominal!AE13*VLOOKUP(AE$1,deflatores_ipca!$B$2:$E$61,4,FALSE) -> 229503.39 | AF13: =CUSTOS_nominal!AF13*VLOOKUP(AF$1,deflatores_ipca!$B$2:$E$61,4,FALSE) -> 226199.06 | AG13: =CUSTOS_nominal!AG13*VLOOKUP(AG$1,deflatores_ipca!$B$2:$E$61,4,FALSE) -> 282361.08 | AH13: =CUSTOS_nominal!AH13*VLOOKUP(AH$1,deflatores_ipca!$B$2:$E$61,4,FALSE) -> 233992.78 | AI13: =CUSTOS_nominal!AI13*VLOOKUP(AI$1,deflatores_ipca!$B$2:$E$61,4,FALSE) -> 226630.59 | AJ13: =CUSTOS_nominal!AJ13*VLOOKUP(AJ$1,deflatores_ipca!$B$2:$E$61,4,FALSE) -> 46517.023 | AK13: =CUSTOS_nominal!AK13*VLOOKUP(AK$1,deflatores_ipca!$B$2:$E$61,4,FALSE) -> 0 | AL13: =CUSTOS_nominal!AL13*VLOOKUP(AL$1,deflatores_ipca!$B$2:$E$61,4,FALSE) -> 96987.286 | ... AO13: =CUSTOS_nominal!AO13*VLOOKUP(AO$1,deflatores_ipca!$B$2:$E$61,4,FALSE) -> 163846.89 | AQ13: =CUSTOS_nominal!AQ13*VLOOKUP(AQ$1,deflatores_ipca!$B$2:$E$61,4,FALSE) -> 169494.91 | AR13: =CUSTOS_nominal!AR13*VLOOKUP(AR$1,deflatores_ipca!$B$2:$E$61,4,FALSE) -> 148374.01 | AS13: =CUSTOS_nominal!AS13*VLOOKUP(AS$1,deflatores_ipca!$B$2:$E$61,4,FALSE) -> 159221.35 | AT13: =CUSTOS_nominal!AT13*VLOOKUP(AT$1,deflatores_ipca!$B$2:$E$61,4,FALSE) -> 167987.92 | AU13: =CUSTOS_nominal!AU13*VLOOKUP(AU$1,deflatores_ipca!$B$2:$E$61,4,FALSE) -> 158633.22 | AV13: =CUSTOS_nominal!AV13*VLOOKUP(AV$1,deflatores_ipca!$B$2:$E$61,4,FALSE) -> 158260.84 | AW13: =CUSTOS_nominal!AW13*VLOOKUP(AW$1,deflatores_ipca!$B$2:$E$61,4,FALSE) -> 170282.43 | AX13: =CUSTOS_nominal!AX13*VLOOKUP(AX$1,deflatores_ipca!$B$2:$E$61,4,FALSE) -> 116716.35 | ... BN13: =CUSTOS_nominal!BN13*VLOOKUP(BN$1,deflatores_ipca!$B$2:$E$61,4,FALSE) -> 211480.14
... A60: IBGE:2905008 | B60: BA | C60: Bahia | D60: CACULE | E60: 2905008 | F60: MEDIO | G60: =CUSTOS_nominal!G60*VLOOKUP(G$1,deflatores_ipca!$B$2:$E$61,4,FALSE) -> 36659.108 | H60: =CUSTOS_nominal!H60*VLOOKUP(H$1,deflatores_ipca!$B$2:$E$61,4,FALSE) -> 29098.996 | I60: =CUSTOS_nominal!I60*VLOOKUP(I$1,deflatores_ipca!$B$2:$E$61,4,FALSE) -> 33335.244 | J60: =CUSTOS_nominal!J60*VLOOKUP(J$1,deflatores_ipca!$B$2:$E$61,4,FALSE) -> 31788.963 | K60: =CUSTOS_nominal!K60*VLOOKUP(K$1,deflatores_ipca!$B$2:$E$61,4,FALSE) -> 30728.329 | L60: =CUSTOS_nominal!L60*VLOOKUP(L$1,deflatores_ipca!$B$2:$E$61,4,FALSE) -> 27249.337 | M60: =CUSTOS_nominal!M60*VLOOKUP(M$1,deflatores_ipca!$B$2:$E$61,4,FALSE) -> 31616.488 | N60: =CUSTOS_nominal!N60*VLOOKUP(N$1,deflatores_ipca!$B$2:$E$61,4,FALSE) -> 29833.499 | ... AB60: =CUSTOS_nominal!AB60*VLOOKUP(AB$1,deflatores_ipca!$B$2:$E$61,4,FALSE) -> 29543.117 | AE60: =CUSTOS_nominal!AE60*VLOOKUP(AE$1,deflatores_ipca!$B$2:$E$61,4,FALSE) -> 22531.303 | AF60: =CUSTOS_nominal!AF60*VLOOKUP(AF$1,deflatores_ipca!$B$2:$E$61,4,FALSE) -> 13770.197 | AG60: =CUSTOS_nominal!AG60*VLOOKUP(AG$1,deflatores_ipca!$B$2:$E$61,4,FALSE) -> 11900.281 | AH60: =CUSTOS_nominal!AH60*VLOOKUP(AH$1,deflatores_ipca!$B$2:$E$61,4,FALSE) -> 12924.885 | AI60: =CUSTOS_nominal!AI60*VLOOKUP(AI$1,deflatores_ipca!$B$2:$E$61,4,FALSE) -> 10351.326 | AJ60: =CUSTOS_nominal!AJ60*VLOOKUP(AJ$1,deflatores_ipca!$B$2:$E$61,4,FALSE) -> 11232.699 | AK60: =CUSTOS_nominal!AK60*VLOOKUP(AK$1,deflatores_ipca!$B$2:$E$61,4,FALSE) -> 11168.033 | AL60: =CUSTOS_nominal!AL60*VLOOKUP(AL$1,deflatores_ipca!$B$2:$E$61,4,FALSE) -> 10859.414 | ... AO60: =CUSTOS_nominal!AO60*VLOOKUP(AO$1,deflatores_ipca!$B$2:$E$61,4,FALSE) -> 12360.476 | AQ60: =CUSTOS_nominal!AQ60*VLOOKUP(AQ$1,deflatores_ipca!$B$2:$E$61,4,FALSE) -> 0 | AR60: =CUSTOS_nominal!AR60*VLOOKUP(AR$1,deflatores_ipca!$B$2:$E$61,4,FALSE) -> 0 | AS60: =CUSTOS_nominal!AS60*VLOOKUP(AS$1,deflatores_ipca!$B$2:$E$61,4,FALSE) -> 15340.063 | AT60: =CUSTOS_nominal!AT60*VLOOKUP(AT$1,deflatores_ipca!$B$2:$E$61,4,FALSE) -> 22227.78 | AU60: =CUSTOS_nominal!AU60*VLOOKUP(AU$1,deflatores_ipca!$B$2:$E$61,4,FALSE) -> 15751.011 | AV60: =CUSTOS_nominal!AV60*VLOOKUP(AV$1,deflatores_ipca!$B$2:$E$61,4,FALSE) -> 0 | AW60: =CUSTOS_nominal!AW60*VLOOKUP(AW$1,deflatores_ipca!$B$2:$E$61,4,FALSE) -> 0 | AX60: =CUSTOS_nominal!AX60*VLOOKUP(AX$1,deflatores_ipca!$B$2:$E$61,4,FALSE) -> 0 | ... BN60: =CUSTOS_nominal!BN60*VLOOKUP(BN$1,deflatores_ipca!$B$2:$E$61,4,FALSE) -> 0
A61: IBGE:2905107 | B61: BA | C61: Bahia | D61: CAEM | E61: 2905107 | F61: MEDIO | G61: =CUSTOS_nominal!G61*VLOOKUP(G$1,deflatores_ipca!$B$2:$E$61,4,FALSE) -> 0 | H61: =CUSTOS_nominal!H61*VLOOKUP(H$1,deflatores_ipca!$B$2:$E$61,4,FALSE) -> 18273.051 | I61: =CUSTOS_nominal!I61*VLOOKUP(I$1,deflatores_ipca!$B$2:$E$61,4,FALSE) -> 21614.146 | J61: =CUSTOS_nominal!J61*VLOOKUP(J$1,deflatores_ipca!$B$2:$E$61,4,FALSE) -> 33626.808 | K61: =CUSTOS_nominal!K61*VLOOKUP(K$1,deflatores_ipca!$B$2:$E$61,4,FALSE) -> 7621.4634 | L61: =CUSTOS_nominal!L61*VLOOKUP(L$1,deflatores_ipca!$B$2:$E$61,4,FALSE) -> 0 | M61: =CUSTOS_nominal!M61*VLOOKUP(M$1,deflatores_ipca!$B$2:$E$61,4,FALSE) -> 0 | N61: =CUSTOS_nominal!N61*VLOOKUP(N$1,deflatores_ipca!$B$2:$E$61,4,FALSE) -> 0 | ... R61: =CUSTOS_nominal!R61*VLOOKUP(R$1,deflatores_ipca!$B$2:$E$61,4,FALSE) -> 0 | AE61: =CUSTOS_nominal!AE61*VLOOKUP(AE$1,deflatores_ipca!$B$2:$E$61,4,FALSE) -> 0 | AF61: =CUSTOS_nominal!AF61*VLOOKUP(AF$1,deflatores_ipca!$B$2:$E$61,4,FALSE) -> 0 | AG61: =CUSTOS_nominal!AG61*VLOOKUP(AG$1,deflatores_ipca!$B$2:$E$61,4,FALSE) -> 7550.6387 | AH61: =CUSTOS_nominal!AH61*VLOOKUP(AH$1,deflatores_ipca!$B$2:$E$61,4,FALSE) -> 6985.8393 | AI61: =CUSTOS_nominal!AI61*VLOOKUP(AI$1,deflatores_ipca!$B$2:$E$61,4,FALSE) -> 14761.069 | AJ61: =CUSTOS_nominal!AJ61*VLOOKUP(AJ$1,deflatores_ipca!$B$2:$E$61,4,FALSE) -> 12998.132 | AK61: =CUSTOS_nominal!AK61*VLOOKUP(AK$1,deflatores_ipca!$B$2:$E$61,4,FALSE) -> 9882.8601 | AL61: =CUSTOS_nominal!AL61*VLOOKUP(AL$1,deflatores_ipca!$B$2:$E$61,4,FALSE) -> 8585.4387 | ... AO61: =CUSTOS_nominal!AO61*VLOOKUP(AO$1,deflatores_ipca!$B$2:$E$61,4,FALSE) -> 12167.846 | AQ61: =CUSTOS_nominal!AQ61*VLOOKUP(AQ$1,deflatores_ipca!$B$2:$E$61,4,FALSE) -> 11402.095 | AR61: =CUSTOS_nominal!AR61*VLOOKUP(AR$1,deflatores_ipca!$B$2:$E$61,4,FALSE) -> 8361.9084 | AS61: =CUSTOS_nominal!AS61*VLOOKUP(AS$1,deflatores_ipca!$B$2:$E$61,4,FALSE) -> 6831.4375 | AT61: =CUSTOS_nominal!AT61*VLOOKUP(AT$1,deflatores_ipca!$B$2:$E$61,4,FALSE) -> 0 | AU61: =CUSTOS_nominal!AU61*VLOOKUP(AU$1,deflatores_ipca!$B$2:$E$61,4,FALSE) -> 0 | AV61: =CUSTOS_nominal!AV61*VLOOKUP(AV$1,deflatores_ipca!$B$2:$E$61,4,FALSE) -> 5470.9763 | AW61: =CUSTOS_nominal!AW61*VLOOKUP(AW$1,deflatores_ipca!$B$2:$E$61,4,FALSE) -> 15975.897 | AX61: =CUSTOS_nominal!AX61*VLOOKUP(AX$1,deflatores_ipca!$B$2:$E$61,4,FALSE) -> 11498.499 | ... BN61: =CUSTOS_nominal!BN61*VLOOKUP(BN$1,deflatores_ipca!$B$2:$E$61,4,FALSE) -> 0
A62: IBGE:2905156 | B62: BA | C62: Bahia | D62: CAETANOS | E62: 2905156 | F62: MEDIO | G62: =CUSTOS_nominal!G62*VLOOKUP(G$1,deflatores_ipca!$B$2:$E$61,4,FALSE) -> 259017.57 | H62: =CUSTOS_nominal!H62*VLOOKUP(H$1,deflatores_ipca!$B$2:$E$61,4,FALSE) -> 258088.19 | I62: =CUSTOS_nominal!I62*VLOOKUP(I$1,deflatores_ipca!$B$2:$E$61,4,FALSE) -> 252921.65 | J62: =CUSTOS_nominal!J62*VLOOKUP(J$1,deflatores_ipca!$B$2:$E$61,4,FALSE) -> 249827.3 | K62: =CUSTOS_nominal!K62*VLOOKUP(K$1,deflatores_ipca!$B$2:$E$61,4,FALSE) -> 245778.85 | L62: =CUSTOS_nominal!L62*VLOOKUP(L$1,deflatores_ipca!$B$2:$E$61,4,FALSE) -> 223678.05 | M62: =CUSTOS_nominal!M62*VLOOKUP(M$1,deflatores_ipca!$B$2:$E$61,4,FALSE) -> 233163.35 | N62: =CUSTOS_nominal!N62*VLOOKUP(N$1,deflatores_ipca!$B$2:$E$61,4,FALSE) -> 229983.84 | ... AB62: =CUSTOS_nominal!AB62*VLOOKUP(AB$1,deflatores_ipca!$B$2:$E$61,4,FALSE) -> 221514.27 | AE62: =CUSTOS_nominal!AE62*VLOOKUP(AE$1,deflatores_ipca!$B$2:$E$61,4,FALSE) -> 223425.79 | AF62: =CUSTOS_nominal!AF62*VLOOKUP(AF$1,deflatores_ipca!$B$2:$E$61,4,FALSE) -> 194035.62 | AG62: =CUSTOS_nominal!AG62*VLOOKUP(AG$1,deflatores_ipca!$B$2:$E$61,4,FALSE) -> 173064.41 | AH62: =CUSTOS_nominal!AH62*VLOOKUP(AH$1,deflatores_ipca!$B$2:$E$61,4,FALSE) -> 178510.57 | AI62: =CUSTOS_nominal!AI62*VLOOKUP(AI$1,deflatores_ipca!$B$2:$E$61,4,FALSE) -> 197992.74 | AJ62: =CUSTOS_nominal!AJ62*VLOOKUP(AJ$1,deflatores_ipca!$B$2:$E$61,4,FALSE) -> 198628.61 | AK62: =CUSTOS_nominal!AK62*VLOOKUP(AK$1,deflatores_ipca!$B$2:$E$61,4,FALSE) -> 192456.05 | AL62: =CUSTOS_nominal!AL62*VLOOKUP(AL$1,deflatores_ipca!$B$2:$E$61,4,FALSE) -> 201728.76 | ... AO62: =CUSTOS_nominal!AO62*VLOOKUP(AO$1,deflatores_ipca!$B$2:$E$61,4,FALSE) -> 185875.16 | AQ62: =CUSTOS_nominal!AQ62*VLOOKUP(AQ$1,deflatores_ipca!$B$2:$E$61,4,FALSE) -> 200907.18 | AR62: =CUSTOS_nominal!AR62*VLOOKUP(AR$1,deflatores_ipca!$B$2:$E$61,4,FALSE) -> 0 | AS62: =CUSTOS_nominal!AS62*VLOOKUP(AS$1,deflatores_ipca!$B$2:$E$61,4,FALSE) -> 189993.69 | AT62: =CUSTOS_nominal!AT62*VLOOKUP(AT$1,deflatores_ipca!$B$2:$E$61,4,FALSE) -> 205690.28 | AU62: =CUSTOS_nominal!AU62*VLOOKUP(AU$1,deflatores_ipca!$B$2:$E$61,4,FALSE) -> 197892.03 | AV62: =CUSTOS_nominal!AV62*VLOOKUP(AV$1,deflatores_ipca!$B$2:$E$61,4,FALSE) -> 0 | AW62: =CUSTOS_nominal!AW62*VLOOKUP(AW$1,deflatores_ipca!$B$2:$E$61,4,FALSE) -> 0 | AX62: =CUSTOS_nominal!AX62*VLOOKUP(AX$1,deflatores_ipca!$B$2:$E$61,4,FALSE) -> 0 | ... BN62: =CUSTOS_nominal!BN62*VLOOKUP(BN$1,deflatores_ipca!$B$2:$E$61,4,FALSE) -> 318197.31
A63: IBGE:2905206 | B63: BA | C63: Bahia | D63: CAETITE | E63: 2905206 | F63: MEDIO | G63: =CUSTOS_nominal!G63*VLOOKUP(G$1,deflatores_ipca!$B$2:$E$61,4,FALSE) -> 169806.93 | H63: =CUSTOS_nominal!H63*VLOOKUP(H$1,deflatores_ipca!$B$2:$E$61,4,FALSE) -> 167196.13 | I63: =CUSTOS_nominal!I63*VLOOKUP(I$1,deflatores_ipca!$B$2:$E$61,4,FALSE) -> 173587.15 | J63: =CUSTOS_nominal!J63*VLOOKUP(J$1,deflatores_ipca!$B$2:$E$61,4,FALSE) -> 0 | K63: =CUSTOS_nominal!K63*VLOOKUP(K$1,deflatores_ipca!$B$2:$E$61,4,FALSE) -> 146536.35 | L63: =CUSTOS_nominal!L63*VLOOKUP(L$1,deflatores_ipca!$B$2:$E$61,4,FALSE) -> 144920.22 | M63: =CUSTOS_nominal!M63*VLOOKUP(M$1,deflatores_ipca!$B$2:$E$61,4,FALSE) -> 159757.82 | N63: =CUSTOS_nominal!N63*VLOOKUP(N$1,deflatores_ipca!$B$2:$E$61,4,FALSE) -> 156582.67 | ... AB63: =CUSTOS_nominal!AB63*VLOOKUP(AB$1,deflatores_ipca!$B$2:$E$61,4,FALSE) -> 151949.61 | AE63: =CUSTOS_nominal!AE63*VLOOKUP(AE$1,deflatores_ipca!$B$2:$E$61,4,FALSE) -> 150025.5 | AF63: =CUSTOS_nominal!AF63*VLOOKUP(AF$1,deflatores_ipca!$B$2:$E$61,4,FALSE) -> 112144.79 | AG63: =CUSTOS_nominal!AG63*VLOOKUP(AG$1,deflatores_ipca!$B$2:$E$61,4,FALSE) -> 75363.144 | AH63: =CUSTOS_nominal!AH63*VLOOKUP(AH$1,deflatores_ipca!$B$2:$E$61,4,FALSE) -> 87730.809 | AI63: =CUSTOS_nominal!AI63*VLOOKUP(AI$1,deflatores_ipca!$B$2:$E$61,4,FALSE) -> 86059.349 | AJ63: =CUSTOS_nominal!AJ63*VLOOKUP(AJ$1,deflatores_ipca!$B$2:$E$61,4,FALSE) -> 86633.286 | AK63: =CUSTOS_nominal!AK63*VLOOKUP(AK$1,deflatores_ipca!$B$2:$E$61,4,FALSE) -> 83217.237 | AL63: =CUSTOS_nominal!AL63*VLOOKUP(AL$1,deflatores_ipca!$B$2:$E$61,4,FALSE) -> 85721.761 | ... AO63: =CUSTOS_nominal!AO63*VLOOKUP(AO$1,deflatores_ipca!$B$2:$E$61,4,FALSE) -> 85940.367 | AQ63: =CUSTOS_nominal!AQ63*VLOOKUP(AQ$1,deflatores_ipca!$B$2:$E$61,4,FALSE) -> 86847.945 | AR63: =CUSTOS_nominal!AR63*VLOOKUP(AR$1,deflatores_ipca!$B$2:$E$61,4,FALSE) -> 0 | AS63: =CUSTOS_nominal!AS63*VLOOKUP(AS$1,deflatores_ipca!$B$2:$E$61,4,FALSE) -> 86094.831 | AT63: =CUSTOS_nominal!AT63*VLOOKUP(AT$1,deflatores_ipca!$B$2:$E$61,4,FALSE) -> 95077.146 | AU63: =CUSTOS_nominal!AU63*VLOOKUP(AU$1,deflatores_ipca!$B$2:$E$61,4,FALSE) -> 91691.962 | AV63: =CUSTOS_nominal!AV63*VLOOKUP(AV$1,deflatores_ipca!$B$2:$E$61,4,FALSE) -> 94757.108 | AW63: =CUSTOS_nominal!AW63*VLOOKUP(AW$1,deflatores_ipca!$B$2:$E$61,4,FALSE) -> 88445.674 | AX63: =CUSTOS_nominal!AX63*VLOOKUP(AX$1,deflatores_ipca!$B$2:$E$61,4,FALSE) -> 86139.274 | ... BN63: =CUSTOS_nominal!BN63*VLOOKUP(BN$1,deflatores_ipca!$B$2:$E$61,4,FALSE) -> 83291.57
A64: IBGE:2905305 | B64: BA | C64: Bahia | D64: CAFARNAUM | E64: 2905305 | F64: MEDIO | G64: =CUSTOS_nominal!G64*VLOOKUP(G$1,deflatores_ipca!$B$2:$E$61,4,FALSE) -> 32850.972 | H64: =CUSTOS_nominal!H64*VLOOKUP(H$1,deflatores_ipca!$B$2:$E$61,4,FALSE) -> 14631.469 | I64: =CUSTOS_nominal!I64*VLOOKUP(I$1,deflatores_ipca!$B$2:$E$61,4,FALSE) -> 15548.481 | J64: =CUSTOS_nominal!J64*VLOOKUP(J$1,deflatores_ipca!$B$2:$E$61,4,FALSE) -> 20439.96 | K64: =CUSTOS_nominal!K64*VLOOKUP(K$1,deflatores_ipca!$B$2:$E$61,4,FALSE) -> 11535.631 | L64: =CUSTOS_nominal!L64*VLOOKUP(L$1,deflatores_ipca!$B$2:$E$61,4,FALSE) -> 16947.592 | M64: =CUSTOS_nominal!M64*VLOOKUP(M$1,deflatores_ipca!$B$2:$E$61,4,FALSE) -> 14134.798 | N64: =CUSTOS_nominal!N64*VLOOKUP(N$1,deflatores_ipca!$B$2:$E$61,4,FALSE) -> 16799.312 | ... AB64: =CUSTOS_nominal!AB64*VLOOKUP(AB$1,deflatores_ipca!$B$2:$E$61,4,FALSE) -> 6971.5823 | AE64: =CUSTOS_nominal!AE64*VLOOKUP(AE$1,deflatores_ipca!$B$2:$E$61,4,FALSE) -> 6980.9169 | AF64: =CUSTOS_nominal!AF64*VLOOKUP(AF$1,deflatores_ipca!$B$2:$E$61,4,FALSE) -> 5694.4506 | AG64: =CUSTOS_nominal!AG64*VLOOKUP(AG$1,deflatores_ipca!$B$2:$E$61,4,FALSE) -> 4453.2073 | AH64: =CUSTOS_nominal!AH64*VLOOKUP(AH$1,deflatores_ipca!$B$2:$E$61,4,FALSE) -> 4911.0381 | AI64: =CUSTOS_nominal!AI64*VLOOKUP(AI$1,deflatores_ipca!$B$2:$E$61,4,FALSE) -> 4290.2754 | AJ64: =CUSTOS_nominal!AJ64*VLOOKUP(AJ$1,deflatores_ipca!$B$2:$E$61,4,FALSE) -> 6052.9929 | AK64: =CUSTOS_nominal!AK64*VLOOKUP(AK$1,deflatores_ipca!$B$2:$E$61,4,FALSE) -> 6699.3634 | AL64: =CUSTOS_nominal!AL64*VLOOKUP(AL$1,deflatores_ipca!$B$2:$E$61,4,FALSE) -> 8502.9998 | ... AO64: =CUSTOS_nominal!AO64*VLOOKUP(AO$1,deflatores_ipca!$B$2:$E$61,4,FALSE) -> 0 | AQ64: =CUSTOS_nominal!AQ64*VLOOKUP(AQ$1,deflatores_ipca!$B$2:$E$61,4,FALSE) -> 0 | AR64: =CUSTOS_nominal!AR64*VLOOKUP(AR$1,deflatores_ipca!$B$2:$E$61,4,FALSE) -> 6757.5105 | AS64: =CUSTOS_nominal!AS64*VLOOKUP(AS$1,deflatores_ipca!$B$2:$E$61,4,FALSE) -> 7220.8367 | AT64: =CUSTOS_nominal!AT64*VLOOKUP(AT$1,deflatores_ipca!$B$2:$E$61,4,FALSE) -> 5559.5505 | AU64: =CUSTOS_nominal!AU64*VLOOKUP(AU$1,deflatores_ipca!$B$2:$E$61,4,FALSE) -> 0 | AV64: =CUSTOS_nominal!AV64*VLOOKUP(AV$1,deflatores_ipca!$B$2:$E$61,4,FALSE) -> 3302.3735 | AW64: =CUSTOS_nominal!AW64*VLOOKUP(AW$1,deflatores_ipca!$B$2:$E$61,4,FALSE) -> 9813.4072 | AX64: =CUSTOS_nominal!AX64*VLOOKUP(AX$1,deflatores_ipca!$B$2:$E$61,4,FALSE) -> 5523.5477 | ... BN64: =CUSTOS_nominal!BN64*VLOOKUP(BN$1,deflatores_ipca!$B$2:$E$61,4,FALSE) -> 0
A65: IBGE:2905503 | B65: BA | C65: Bahia | D65: CALDEIRAO GRANDE | E65: 2905503 | F65: MEDIO | G65: =CUSTOS_nominal!G65*VLOOKUP(G$1,deflatores_ipca!$B$2:$E$61,4,FALSE) -> 0 | H65: =CUSTOS_nominal!H65*VLOOKUP(H$1,deflatores_ipca!$B$2:$E$61,4,FALSE) -> 0 | I65: =CUSTOS_nominal!I65*VLOOKUP(I$1,deflatores_ipca!$B$2:$E$61,4,FALSE) -> 39786.646 | J65: =CUSTOS_nominal!J65*VLOOKUP(J$1,deflatores_ipca!$B$2:$E$61,4,FALSE) -> 42571.236 | K65: =CUSTOS_nominal!K65*VLOOKUP(K$1,deflatores_ipca!$B$2:$E$61,4,FALSE) -> 36148.566 | L65: =CUSTOS_nominal!L65*VLOOKUP(L$1,deflatores_ipca!$B$2:$E$61,4,FALSE) -> 0 | M65: =CUSTOS_nominal!M65*VLOOKUP(M$1,deflatores_ipca!$B$2:$E$61,4,FALSE) -> 0 | N65: =CUSTOS_nominal!N65*VLOOKUP(N$1,deflatores_ipca!$B$2:$E$61,4,FALSE) -> 42346.61 | ... AB65: =CUSTOS_nominal!AB65*VLOOKUP(AB$1,deflatores_ipca!$B$2:$E$61,4,FALSE) -> 38675.228 | AE65: =CUSTOS_nominal!AE65*VLOOKUP(AE$1,deflatores_ipca!$B$2:$E$61,4,FALSE) -> 37464.194 | AF65: =CUSTOS_nominal!AF65*VLOOKUP(AF$1,deflatores_ipca!$B$2:$E$61,4,FALSE) -> 37340.969 | AG65: =CUSTOS_nominal!AG65*VLOOKUP(AG$1,deflatores_ipca!$B$2:$E$61,4,FALSE) -> 24546.326 | AH65: =CUSTOS_nominal!AH65*VLOOKUP(AH$1,deflatores_ipca!$B$2:$E$61,4,FALSE) -> 36218.497 | AI65: =CUSTOS_nominal!AI65*VLOOKUP(AI$1,deflatores_ipca!$B$2:$E$61,4,FALSE) -> 31572.963 | AJ65: =CUSTOS_nominal!AJ65*VLOOKUP(AJ$1,deflatores_ipca!$B$2:$E$61,4,FALSE) -> 37435.541 | AK65: =CUSTOS_nominal!AK65*VLOOKUP(AK$1,deflatores_ipca!$B$2:$E$61,4,FALSE) -> 25892.648 | AL65: =CUSTOS_nominal!AL65*VLOOKUP(AL$1,deflatores_ipca!$B$2:$E$61,4,FALSE) -> 24862.874 | ... AO65: =CUSTOS_nominal!AO65*VLOOKUP(AO$1,deflatores_ipca!$B$2:$E$61,4,FALSE) -> 24308.455 | AQ65: =CUSTOS_nominal!AQ65*VLOOKUP(AQ$1,deflatores_ipca!$B$2:$E$61,4,FALSE) -> 24741.78 | AR65: =CUSTOS_nominal!AR65*VLOOKUP(AR$1,deflatores_ipca!$B$2:$E$61,4,FALSE) -> 23208.846 | AS65: =CUSTOS_nominal!AS65*VLOOKUP(AS$1,deflatores_ipca!$B$2:$E$61,4,FALSE) -> 36464.472 | AT65: =CUSTOS_nominal!AT65*VLOOKUP(AT$1,deflatores_ipca!$B$2:$E$61,4,FALSE) -> 36547.727 | AU65: =CUSTOS_nominal!AU65*VLOOKUP(AU$1,deflatores_ipca!$B$2:$E$61,4,FALSE) -> 24627.739 | AV65: =CUSTOS_nominal!AV65*VLOOKUP(AV$1,deflatores_ipca!$B$2:$E$61,4,FALSE) -> 23118.471 | AW65: =CUSTOS_nominal!AW65*VLOOKUP(AW$1,deflatores_ipca!$B$2:$E$61,4,FALSE) -> 32728.948 | AX65: =CUSTOS_nominal!AX65*VLOOKUP(AX$1,deflatores_ipca!$B$2:$E$61,4,FALSE) -> 31850.437 | ... BN65: =CUSTOS_nominal!BN65*VLOOKUP(BN$1,deflatores_ipca!$B$2:$E$61,4,FALSE) -> 0
A66: IBGE:2905909 | B66: BA | C66: Bahia | D66: CAMPO ALEGRE DE LOURDES | E66: 2905909 | F66: MEDIO | G66: =CUSTOS_nominal!G66*VLOOKUP(G$1,deflatores_ipca!$B$2:$E$61,4,FALSE) -> 1258900.4 | H66: =CUSTOS_nominal!H66*VLOOKUP(H$1,deflatores_ipca!$B$2:$E$61,4,FALSE) -> 1429194.6 | I66: =CUSTOS_nominal!I66*VLOOKUP(I$1,deflatores_ipca!$B$2:$E$61,4,FALSE) -> 1482971.4 | J66: =CUSTOS_nominal!J66*VLOOKUP(J$1,deflatores_ipca!$B$2:$E$61,4,FALSE) -> 1488555.2 | K66: =CUSTOS_nominal!K66*VLOOKUP(K$1,deflatores_ipca!$B$2:$E$61,4,FALSE) -> 1529593 | L66: =CUSTOS_nominal!L66*VLOOKUP(L$1,deflatores_ipca!$B$2:$E$61,4,FALSE) -> 1505954.9 | M66: =CUSTOS_nominal!M66*VLOOKUP(M$1,deflatores_ipca!$B$2:$E$61,4,FALSE) -> 1485947.4 | N66: =CUSTOS_nominal!N66*VLOOKUP(N$1,deflatores_ipca!$B$2:$E$61,4,FALSE) -> 1354433.7 | ... AB66: =CUSTOS_nominal!AB66*VLOOKUP(AB$1,deflatores_ipca!$B$2:$E$61,4,FALSE) -> 1263302 | AE66: =CUSTOS_nominal!AE66*VLOOKUP(AE$1,deflatores_ipca!$B$2:$E$61,4,FALSE) -> 1242939.2 | AF66: =CUSTOS_nominal!AF66*VLOOKUP(AF$1,deflatores_ipca!$B$2:$E$61,4,FALSE) -> 1234420.9 | AG66: =CUSTOS_nominal!AG66*VLOOKUP(AG$1,deflatores_ipca!$B$2:$E$61,4,FALSE) -> 1240234.9 | AH66: =CUSTOS_nominal!AH66*VLOOKUP(AH$1,deflatores_ipca!$B$2:$E$61,4,FALSE) -> 1227923.3 | AI66: =CUSTOS_nominal!AI66*VLOOKUP(AI$1,deflatores_ipca!$B$2:$E$61,4,FALSE) -> 1382200 | AJ66: =CUSTOS_nominal!AJ66*VLOOKUP(AJ$1,deflatores_ipca!$B$2:$E$61,4,FALSE) -> 1385682 | AK66: =CUSTOS_nominal!AK66*VLOOKUP(AK$1,deflatores_ipca!$B$2:$E$61,4,FALSE) -> 1382364.3 | AL66: =CUSTOS_nominal!AL66*VLOOKUP(AL$1,deflatores_ipca!$B$2:$E$61,4,FALSE) -> 1347015.7 | ... AO66: =CUSTOS_nominal!AO66*VLOOKUP(AO$1,deflatores_ipca!$B$2:$E$61,4,FALSE) -> 1356329.3 | AQ66: =CUSTOS_nominal!AQ66*VLOOKUP(AQ$1,deflatores_ipca!$B$2:$E$61,4,FALSE) -> 1362853.8 | AR66: =CUSTOS_nominal!AR66*VLOOKUP(AR$1,deflatores_ipca!$B$2:$E$61,4,FALSE) -> 1357030.1 | AS66: =CUSTOS_nominal!AS66*VLOOKUP(AS$1,deflatores_ipca!$B$2:$E$61,4,FALSE) -> 1355272.5 | AT66: =CUSTOS_nominal!AT66*VLOOKUP(AT$1,deflatores_ipca!$B$2:$E$61,4,FALSE) -> 1348575.6 | AU66: =CUSTOS_nominal!AU66*VLOOKUP(AU$1,deflatores_ipca!$B$2:$E$61,4,FALSE) -> 1326635 | AV66: =CUSTOS_nominal!AV66*VLOOKUP(AV$1,deflatores_ipca!$B$2:$E$61,4,FALSE) -> 1270368.5 | AW66: =CUSTOS_nominal!AW66*VLOOKUP(AW$1,deflatores_ipca!$B$2:$E$61,4,FALSE) -> 1136614.9 | AX66: =CUSTOS_nominal!AX66*VLOOKUP(AX$1,deflatores_ipca!$B$2:$E$61,4,FALSE) -> 891275.72 | ... BN66: =CUSTOS_nominal!BN66*VLOOKUP(BN$1,deflatores_ipca!$B$2:$E$61,4,FALSE) -> 0
A67: IBGE:2906006 | B67: BA | C67: Bahia | D67: CAMPO FORMOSO | E67: 2906006 | F67: MEDIO | G67: =CUSTOS_nominal!G67*VLOOKUP(G$1,deflatores_ipca!$B$2:$E$61,4,FALSE) -> 194387.09 | H67: =CUSTOS_nominal!H67*VLOOKUP(H$1,deflatores_ipca!$B$2:$E$61,4,FALSE) -> 184062.39 | I67: =CUSTOS_nominal!I67*VLOOKUP(I$1,deflatores_ipca!$B$2:$E$61,4,FALSE) -> 179996.5 | J67: =CUSTOS_nominal!J67*VLOOKUP(J$1,deflatores_ipca!$B$2:$E$61,4,FALSE) -> 190476.46 | K67: =CUSTOS_nominal!K67*VLOOKUP(K$1,deflatores_ipca!$B$2:$E$61,4,FALSE) -> 154312.96 | L67: =CUSTOS_nominal!L67*VLOOKUP(L$1,deflatores_ipca!$B$2:$E$61,4,FALSE) -> 0 | M67: =CUSTOS_nominal!M67*VLOOKUP(M$1,deflatores_ipca!$B$2:$E$61,4,FALSE) -> 0 | N67: =CUSTOS_nominal!N67*VLOOKUP(N$1,deflatores_ipca!$B$2:$E$61,4,FALSE) -> 163612.4 | ... AB67: =CUSTOS_nominal!AB67*VLOOKUP(AB$1,deflatores_ipca!$B$2:$E$61,4,FALSE) -> 69264.323 | AE67: =CUSTOS_nominal!AE67*VLOOKUP(AE$1,deflatores_ipca!$B$2:$E$61,4,FALSE) -> 70244.046 | AF67: =CUSTOS_nominal!AF67*VLOOKUP(AF$1,deflatores_ipca!$B$2:$E$61,4,FALSE) -> 63483.063 | AG67: =CUSTOS_nominal!AG67*VLOOKUP(AG$1,deflatores_ipca!$B$2:$E$61,4,FALSE) -> 77034.899 | AH67: =CUSTOS_nominal!AH67*VLOOKUP(AH$1,deflatores_ipca!$B$2:$E$61,4,FALSE) -> 98309.384 | AI67: =CUSTOS_nominal!AI67*VLOOKUP(AI$1,deflatores_ipca!$B$2:$E$61,4,FALSE) -> 91167.573 | AJ67: =CUSTOS_nominal!AJ67*VLOOKUP(AJ$1,deflatores_ipca!$B$2:$E$61,4,FALSE) -> 86370.515 | AK67: =CUSTOS_nominal!AK67*VLOOKUP(AK$1,deflatores_ipca!$B$2:$E$61,4,FALSE) -> 74988.001 | AL67: =CUSTOS_nominal!AL67*VLOOKUP(AL$1,deflatores_ipca!$B$2:$E$61,4,FALSE) -> 101475.83 | ... AO67: =CUSTOS_nominal!AO67*VLOOKUP(AO$1,deflatores_ipca!$B$2:$E$61,4,FALSE) -> 83208.09 | AQ67: =CUSTOS_nominal!AQ67*VLOOKUP(AQ$1,deflatores_ipca!$B$2:$E$61,4,FALSE) -> 92668.81 | AR67: =CUSTOS_nominal!AR67*VLOOKUP(AR$1,deflatores_ipca!$B$2:$E$61,4,FALSE) -> 90321.924 | AS67: =CUSTOS_nominal!AS67*VLOOKUP(AS$1,deflatores_ipca!$B$2:$E$61,4,FALSE) -> 80206.798 | AT67: =CUSTOS_nominal!AT67*VLOOKUP(AT$1,deflatores_ipca!$B$2:$E$61,4,FALSE) -> 85286.786 | AU67: =CUSTOS_nominal!AU67*VLOOKUP(AU$1,deflatores_ipca!$B$2:$E$61,4,FALSE) -> 74055.212 | AV67: =CUSTOS_nominal!AV67*VLOOKUP(AV$1,deflatores_ipca!$B$2:$E$61,4,FALSE) -> 81569.762 | AW67: =CUSTOS_nominal!AW67*VLOOKUP(AW$1,deflatores_ipca!$B$2:$E$61,4,FALSE) -> 103095.08 | AX67: =CUSTOS_nominal!AX67*VLOOKUP(AX$1,deflatores_ipca!$B$2:$E$61,4,FALSE) -> 97516.26 | ... BN67: =CUSTOS_nominal!BN67*VLOOKUP(BN$1,deflatores_ipca!$B$2:$E$61,4,FALSE) -> 0
A68: IBGE:2906600 | B68: BA | C68: Bahia | D68: CANDIBA | E68: 2906600 | F68: MEDIO | G68: =CUSTOS_nominal!G68*VLOOKUP(G$1,deflatores_ipca!$B$2:$E$61,4,FALSE) -> 0 | H68: =CUSTOS_nominal!H68*VLOOKUP(H$1,deflatores_ipca!$B$2:$E$61,4,FALSE) -> 0 | I68: =CUSTOS_nominal!I68*VLOOKUP(I$1,deflatores_ipca!$B$2:$E$61,4,FALSE) -> 0 | J68: =CUSTOS_nominal!J68*VLOOKUP(J$1,deflatores_ipca!$B$2:$E$61,4,FALSE) -> 0 | K68: =CUSTOS_nominal!K68*VLOOKUP(K$1,deflatores_ipca!$B$2:$E$61,4,FALSE) -> 0 | L68: =CUSTOS_nominal!L68*VLOOKUP(L$1,deflatores_ipca!$B$2:$E$61,4,FALSE) -> 0 | M68: =CUSTOS_nominal!M68*VLOOKUP(M$1,deflatores_ipca!$B$2:$E$61,4,FALSE) -> 0 | N68: =CUSTOS_nominal!N68*VLOOKUP(N$1,deflatores_ipca!$B$2:$E$61,4,FALSE) -> 0 | ... AB68: =CUSTOS_nominal!AB68*VLOOKUP(AB$1,deflatores_ipca!$B$2:$E$61,4,FALSE) -> 20043.951 | AE68: =CUSTOS_nominal!AE68*VLOOKUP(AE$1,deflatores_ipca!$B$2:$E$61,4,FALSE) -> 41696.757 | AF68: =CUSTOS_nominal!AF68*VLOOKUP(AF$1,deflatores_ipca!$B$2:$E$61,4,FALSE) -> 39260.379 | AG68: =CUSTOS_nominal!AG68*VLOOKUP(AG$1,deflatores_ipca!$B$2:$E$61,4,FALSE) -> 29736.171 | AH68: =CUSTOS_nominal!AH68*VLOOKUP(AH$1,deflatores_ipca!$B$2:$E$61,4,FALSE) -> 32062.328 | AI68: =CUSTOS_nominal!AI68*VLOOKUP(AI$1,deflatores_ipca!$B$2:$E$61,4,FALSE) -> 29990.264 | AJ68: =CUSTOS_nominal!AJ68*VLOOKUP(AJ$1,deflatores_ipca!$B$2:$E$61,4,FALSE) -> 27768.898 | AK68: =CUSTOS_nominal!AK68*VLOOKUP(AK$1,deflatores_ipca!$B$2:$E$61,4,FALSE) -> 27649.077 | AL68: =CUSTOS_nominal!AL68*VLOOKUP(AL$1,deflatores_ipca!$B$2:$E$61,4,FALSE) -> 28633.784 | ... AO68: =CUSTOS_nominal!AO68*VLOOKUP(AO$1,deflatores_ipca!$B$2:$E$61,4,FALSE) -> 27093.588 | AQ68: =CUSTOS_nominal!AQ68*VLOOKUP(AQ$1,deflatores_ipca!$B$2:$E$61,4,FALSE) -> 0 | AR68: =CUSTOS_nominal!AR68*VLOOKUP(AR$1,deflatores_ipca!$B$2:$E$61,4,FALSE) -> 0 | AS68: =CUSTOS_nominal!AS68*VLOOKUP(AS$1,deflatores_ipca!$B$2:$E$61,4,FALSE) -> 0 | AT68: =CUSTOS_nominal!AT68*VLOOKUP(AT$1,deflatores_ipca!$B$2:$E$61,4,FALSE) -> 0 | AU68: =CUSTOS_nominal!AU68*VLOOKUP(AU$1,deflatores_ipca!$B$2:$E$61,4,FALSE) -> 0 | AV68: =CUSTOS_nominal!AV68*VLOOKUP(AV$1,deflatores_ipca!$B$2:$E$61,4,FALSE) -> 0 | AW68: =CUSTOS_nominal!AW68*VLOOKUP(AW$1,deflatores_ipca!$B$2:$E$61,4,FALSE) -> 0 | AX68: =CUSTOS_nominal!AX68*VLOOKUP(AX$1,deflatores_ipca!$B$2:$E$61,4,FALSE) -> 0 | ... BN68: =CUSTOS_nominal!BN68*VLOOKUP(BN$1,deflatores_ipca!$B$2:$E$61,4,FALSE) -> 0
A69: IBGE:2906709 | B69: BA | C69: Bahia | D69: CANDIDO SALES | E69: 2906709 | F69: MEDIO | G69: =CUSTOS_nominal!G69*VLOOKUP(G$1,deflatores_ipca!$B$2:$E$61,4,FALSE) -> 150155.62 | H69: =CUSTOS_nominal!H69*VLOOKUP(H$1,deflatores_ipca!$B$2:$E$61,4,FALSE) -> 148771.83 | I69: =CUSTOS_nominal!I69*VLOOKUP(I$1,deflatores_ipca!$B$2:$E$61,4,FALSE) -> 171117.26 | J69: =CUSTOS_nominal!J69*VLOOKUP(J$1,deflatores_ipca!$B$2:$E$61,4,FALSE) -> 169070.33 | K69: =CUSTOS_nominal!K69*VLOOKUP(K$1,deflatores_ipca!$B$2:$E$61,4,FALSE) -> 167069.37 | L69: =CUSTOS_nominal!L69*VLOOKUP(L$1,deflatores_ipca!$B$2:$E$61,4,FALSE) -> 158274.96 | M69: =CUSTOS_nominal!M69*VLOOKUP(M$1,deflatores_ipca!$B$2:$E$61,4,FALSE) -> 163196.27 | N69: =CUSTOS_nominal!N69*VLOOKUP(N$1,deflatores_ipca!$B$2:$E$61,4,FALSE) -> 161124.44 | ... AB69: =CUSTOS_nominal!AB69*VLOOKUP(AB$1,deflatores_ipca!$B$2:$E$61,4,FALSE) -> 178114.49 | AE69: =CUSTOS_nominal!AE69*VLOOKUP(AE$1,deflatores_ipca!$B$2:$E$61,4,FALSE) -> 168148.15 | AF69: =CUSTOS_nominal!AF69*VLOOKUP(AF$1,deflatores_ipca!$B$2:$E$61,4,FALSE) -> 84921.643 | AG69: =CUSTOS_nominal!AG69*VLOOKUP(AG$1,deflatores_ipca!$B$2:$E$61,4,FALSE) -> 0 | AH69: =CUSTOS_nominal!AH69*VLOOKUP(AH$1,deflatores_ipca!$B$2:$E$61,4,FALSE) -> 134481.54 | AI69: =CUSTOS_nominal!AI69*VLOOKUP(AI$1,deflatores_ipca!$B$2:$E$61,4,FALSE) -> 152158.56 | AJ69: =CUSTOS_nominal!AJ69*VLOOKUP(AJ$1,deflatores_ipca!$B$2:$E$61,4,FALSE) -> 152021.55 | AK69: =CUSTOS_nominal!AK69*VLOOKUP(AK$1,deflatores_ipca!$B$2:$E$61,4,FALSE) -> 149553 | AL69: =CUSTOS_nominal!AL69*VLOOKUP(AL$1,deflatores_ipca!$B$2:$E$61,4,FALSE) -> 152744.75 | ... AO69: =CUSTOS_nominal!AO69*VLOOKUP(AO$1,deflatores_ipca!$B$2:$E$61,4,FALSE) -> 62328.803 | AQ69: =CUSTOS_nominal!AQ69*VLOOKUP(AQ$1,deflatores_ipca!$B$2:$E$61,4,FALSE) -> 0 | AR69: =CUSTOS_nominal!AR69*VLOOKUP(AR$1,deflatores_ipca!$B$2:$E$61,4,FALSE) -> 0 | AS69: =CUSTOS_nominal!AS69*VLOOKUP(AS$1,deflatores_ipca!$B$2:$E$61,4,FALSE) -> 74324.933 | AT69: =CUSTOS_nominal!AT69*VLOOKUP(AT$1,deflatores_ipca!$B$2:$E$61,4,FALSE) -> 80665.652 | AU69: =CUSTOS_nominal!AU69*VLOOKUP(AU$1,deflatores_ipca!$B$2:$E$61,4,FALSE) -> 67034.149 | AV69: =CUSTOS_nominal!AV69*VLOOKUP(AV$1,deflatores_ipca!$B$2:$E$61,4,FALSE) -> 0 | AW69: =CUSTOS_nominal!AW69*VLOOKUP(AW$1,deflatores_ipca!$B$2:$E$61,4,FALSE) -> 0 | AX69: =CUSTOS_nominal!AX69*VLOOKUP(AX$1,deflatores_ipca!$B$2:$E$61,4,FALSE) -> 0 | ... BN69: =CUSTOS_nominal!BN69*VLOOKUP(BN$1,deflatores_ipca!$B$2:$E$61,4,FALSE) -> 76123.45
A70: IBGE:2906808 | B70: BA | C70: Bahia | D70: CANSANCAO | E70: 2906808 | F70: MEDIO | G70: =CUSTOS_nominal!G70*VLOOKUP(G$1,deflatores_ipca!$B$2:$E$61,4,FALSE) -> 267311.43 | H70: =CUSTOS_nominal!H70*VLOOKUP(H$1,deflatores_ipca!$B$2:$E$61,4,FALSE) -> 261462.46 | I70: =CUSTOS_nominal!I70*VLOOKUP(I$1,deflatores_ipca!$B$2:$E$61,4,FALSE) -> 259980.58 | J70: =CUSTOS_nominal!J70*VLOOKUP(J$1,deflatores_ipca!$B$2:$E$61,4,FALSE) -> 252471.28 | K70: =CUSTOS_nominal!K70*VLOOKUP(K$1,deflatores_ipca!$B$2:$E$61,4,FALSE) -> 253875.19 | L70: =CUSTOS_nominal!L70*VLOOKUP(L$1,deflatores_ipca!$B$2:$E$61,4,FALSE) -> 251087.32 | M70: =CUSTOS_nominal!M70*VLOOKUP(M$1,deflatores_ipca!$B$2:$E$61,4,FALSE) -> 246960.78 | N70: =CUSTOS_nominal!N70*VLOOKUP(N$1,deflatores_ipca!$B$2:$E$61,4,FALSE) -> 252476.47 | ... AB70: =CUSTOS_nominal!AB70*VLOOKUP(AB$1,deflatores_ipca!$B$2:$E$61,4,FALSE) -> 226600.59 | AE70: =CUSTOS_nominal!AE70*VLOOKUP(AE$1,deflatores_ipca!$B$2:$E$61,4,FALSE) -> 169718.76 | AF70: =CUSTOS_nominal!AF70*VLOOKUP(AF$1,deflatores_ipca!$B$2:$E$61,4,FALSE) -> 158934.53 | AG70: =CUSTOS_nominal!AG70*VLOOKUP(AG$1,deflatores_ipca!$B$2:$E$61,4,FALSE) -> 161840.72 | AH70: =CUSTOS_nominal!AH70*VLOOKUP(AH$1,deflatores_ipca!$B$2:$E$61,4,FALSE) -> 60629.907 | AI70: =CUSTOS_nominal!AI70*VLOOKUP(AI$1,deflatores_ipca!$B$2:$E$61,4,FALSE) -> 119710.04 | AJ70: =CUSTOS_nominal!AJ70*VLOOKUP(AJ$1,deflatores_ipca!$B$2:$E$61,4,FALSE) -> 132157.17 | AK70: =CUSTOS_nominal!AK70*VLOOKUP(AK$1,deflatores_ipca!$B$2:$E$61,4,FALSE) -> 120375.86 | AL70: =CUSTOS_nominal!AL70*VLOOKUP(AL$1,deflatores_ipca!$B$2:$E$61,4,FALSE) -> 118910.35 | ... AO70: =CUSTOS_nominal!AO70*VLOOKUP(AO$1,deflatores_ipca!$B$2:$E$61,4,FALSE) -> 129833.75 | AQ70: =CUSTOS_nominal!AQ70*VLOOKUP(AQ$1,deflatores_ipca!$B$2:$E$61,4,FALSE) -> 128097.11 | AR70: =CUSTOS_nominal!AR70*VLOOKUP(AR$1,deflatores_ipca!$B$2:$E$61,4,FALSE) -> 126923.26 | AS70: =CUSTOS_nominal!AS70*VLOOKUP(AS$1,deflatores_ipca!$B$2:$E$61,4,FALSE) -> 137053.44 | AT70: =CUSTOS_nominal!AT70*VLOOKUP(AT$1,deflatores_ipca!$B$2:$E$61,4,FALSE) -> 117810.45 | AU70: =CUSTOS_nominal!AU70*VLOOKUP(AU$1,deflatores_ipca!$B$2:$E$61,4,FALSE) -> 139446.72 | AV70: =CUSTOS_nominal!AV70*VLOOKUP(AV$1,deflatores_ipca!$B$2:$E$61,4,FALSE) -> 129959.36 | AW70: =CUSTOS_nominal!AW70*VLOOKUP(AW$1,deflatores_ipca!$B$2:$E$61,4,FALSE) -> 125664.2 | AX70: =CUSTOS_nominal!AX70*VLOOKUP(AX$1,deflatores_ipca!$B$2:$E$61,4,FALSE) -> 129231.83 | ... BN70: =CUSTOS_nominal!BN70*VLOOKUP(BN$1,deflatores_ipca!$B$2:$E$61,4,FALSE) -> 129168
A71: IBGE:2906824 | B71: BA | C71: Bahia | D71: CANUDOS | E71: 2906824 | F71: MEDIO | G71: =CUSTOS_nominal!G71*VLOOKUP(G$1,deflatores_ipca!$B$2:$E$61,4,FALSE) -> 108664.45 | H71: =CUSTOS_nominal!H71*VLOOKUP(H$1,deflatores_ipca!$B$2:$E$61,4,FALSE) -> 89112.324 | I71: =CUSTOS_nominal!I71*VLOOKUP(I$1,deflatores_ipca!$B$2:$E$61,4,FALSE) -> 92577.104 | J71: =CUSTOS_nominal!J71*VLOOKUP(J$1,deflatores_ipca!$B$2:$E$61,4,FALSE) -> 91241.673 | K71: =CUSTOS_nominal!K71*VLOOKUP(K$1,deflatores_ipca!$B$2:$E$61,4,FALSE) -> 86181.034 | L71: =CUSTOS_nominal!L71*VLOOKUP(L$1,deflatores_ipca!$B$2:$E$61,4,FALSE) -> 78274.246 | M71: =CUSTOS_nominal!M71*VLOOKUP(M$1,deflatores_ipca!$B$2:$E$61,4,FALSE) -> 75212.543 | N71: =CUSTOS_nominal!N71*VLOOKUP(N$1,deflatores_ipca!$B$2:$E$61,4,FALSE) -> 77641.708 | ... AB71: =CUSTOS_nominal!AB71*VLOOKUP(AB$1,deflatores_ipca!$B$2:$E$61,4,FALSE) -> 42913.732 | AE71: =CUSTOS_nominal!AE71*VLOOKUP(AE$1,deflatores_ipca!$B$2:$E$61,4,FALSE) -> 36206.064 | AF71: =CUSTOS_nominal!AF71*VLOOKUP(AF$1,deflatores_ipca!$B$2:$E$61,4,FALSE) -> 48534.822 | AG71: =CUSTOS_nominal!AG71*VLOOKUP(AG$1,deflatores_ipca!$B$2:$E$61,4,FALSE) -> 52717.01 | AH71: =CUSTOS_nominal!AH71*VLOOKUP(AH$1,deflatores_ipca!$B$2:$E$61,4,FALSE) -> 48893.195 | AI71: =CUSTOS_nominal!AI71*VLOOKUP(AI$1,deflatores_ipca!$B$2:$E$61,4,FALSE) -> 49689.297 | AJ71: =CUSTOS_nominal!AJ71*VLOOKUP(AJ$1,deflatores_ipca!$B$2:$E$61,4,FALSE) -> 42728.648 | AK71: =CUSTOS_nominal!AK71*VLOOKUP(AK$1,deflatores_ipca!$B$2:$E$61,4,FALSE) -> 52039.64 | AL71: =CUSTOS_nominal!AL71*VLOOKUP(AL$1,deflatores_ipca!$B$2:$E$61,4,FALSE) -> 52991.391 | ... AO71: =CUSTOS_nominal!AO71*VLOOKUP(AO$1,deflatores_ipca!$B$2:$E$61,4,FALSE) -> 56319.261 | AQ71: =CUSTOS_nominal!AQ71*VLOOKUP(AQ$1,deflatores_ipca!$B$2:$E$61,4,FALSE) -> 68663.177 | AR71: =CUSTOS_nominal!AR71*VLOOKUP(AR$1,deflatores_ipca!$B$2:$E$61,4,FALSE) -> 61443.591 | AS71: =CUSTOS_nominal!AS71*VLOOKUP(AS$1,deflatores_ipca!$B$2:$E$61,4,FALSE) -> 60342.41 | AT71: =CUSTOS_nominal!AT71*VLOOKUP(AT$1,deflatores_ipca!$B$2:$E$61,4,FALSE) -> 62710.273 | AU71: =CUSTOS_nominal!AU71*VLOOKUP(AU$1,deflatores_ipca!$B$2:$E$61,4,FALSE) -> 67042.34 | AV71: =CUSTOS_nominal!AV71*VLOOKUP(AV$1,deflatores_ipca!$B$2:$E$61,4,FALSE) -> 58596.002 | AW71: =CUSTOS_nominal!AW71*VLOOKUP(AW$1,deflatores_ipca!$B$2:$E$61,4,FALSE) -> 51347.944 | AX71: =CUSTOS_nominal!AX71*VLOOKUP(AX$1,deflatores_ipca!$B$2:$E$61,4,FALSE) -> 55731.049 | ... BN71: =CUSTOS_nominal!BN71*VLOOKUP(BN$1,deflatores_ipca!$B$2:$E$61,4,FALSE) -> 59368.44
A72: IBGE:2906857 | B72: BA | C72: Bahia | D72: CAPELA DO ALTO ALEGRE | E72: 2906857 | F72: MEDIO | G72: =CUSTOS_nominal!G72*VLOOKUP(G$1,deflatores_ipca!$B$2:$E$61,4,FALSE) -> 0 | H72: =CUSTOS_nominal!H72*VLOOKUP(H$1,deflatores_ipca!$B$2:$E$61,4,FALSE) -> 0 | I72: =CUSTOS_nominal!I72*VLOOKUP(I$1,deflatores_ipca!$B$2:$E$61,4,FALSE) -> 0 | J72: =CUSTOS_nominal!J72*VLOOKUP(J$1,deflatores_ipca!$B$2:$E$61,4,FALSE) -> 25032.762 | K72: =CUSTOS_nominal!K72*VLOOKUP(K$1,deflatores_ipca!$B$2:$E$61,4,FALSE) -> 38167.578 | L72: =CUSTOS_nominal!L72*VLOOKUP(L$1,deflatores_ipca!$B$2:$E$61,4,FALSE) -> 44445.404 | M72: =CUSTOS_nominal!M72*VLOOKUP(M$1,deflatores_ipca!$B$2:$E$61,4,FALSE) -> 48111.471 | N72: =CUSTOS_nominal!N72*VLOOKUP(N$1,deflatores_ipca!$B$2:$E$61,4,FALSE) -> 49292.663 | ... AB72: =CUSTOS_nominal!AB72*VLOOKUP(AB$1,deflatores_ipca!$B$2:$E$61,4,FALSE) -> 54374.458 | AE72: =CUSTOS_nominal!AE72*VLOOKUP(AE$1,deflatores_ipca!$B$2:$E$61,4,FALSE) -> 54500.897 | AF72: =CUSTOS_nominal!AF72*VLOOKUP(AF$1,deflatores_ipca!$B$2:$E$61,4,FALSE) -> 54321.636 | AG72: =CUSTOS_nominal!AG72*VLOOKUP(AG$1,deflatores_ipca!$B$2:$E$61,4,FALSE) -> 53156.559 | AH72: =CUSTOS_nominal!AH72*VLOOKUP(AH$1,deflatores_ipca!$B$2:$E$61,4,FALSE) -> 53082.243 | AI72: =CUSTOS_nominal!AI72*VLOOKUP(AI$1,deflatores_ipca!$B$2:$E$61,4,FALSE) -> 46207.722 | AJ72: =CUSTOS_nominal!AJ72*VLOOKUP(AJ$1,deflatores_ipca!$B$2:$E$61,4,FALSE) -> 52815.656 | AK72: =CUSTOS_nominal!AK72*VLOOKUP(AK$1,deflatores_ipca!$B$2:$E$61,4,FALSE) -> 36983.819 | AL72: =CUSTOS_nominal!AL72*VLOOKUP(AL$1,deflatores_ipca!$B$2:$E$61,4,FALSE) -> 36477.064 | ... AO72: =CUSTOS_nominal!AO72*VLOOKUP(AO$1,deflatores_ipca!$B$2:$E$61,4,FALSE) -> 44172.62 | AQ72: =CUSTOS_nominal!AQ72*VLOOKUP(AQ$1,deflatores_ipca!$B$2:$E$61,4,FALSE) -> 50932.645 | AR72: =CUSTOS_nominal!AR72*VLOOKUP(AR$1,deflatores_ipca!$B$2:$E$61,4,FALSE) -> 51202.877 | AS72: =CUSTOS_nominal!AS72*VLOOKUP(AS$1,deflatores_ipca!$B$2:$E$61,4,FALSE) -> 50867.61 | AT72: =CUSTOS_nominal!AT72*VLOOKUP(AT$1,deflatores_ipca!$B$2:$E$61,4,FALSE) -> 47928.238 | AU72: =CUSTOS_nominal!AU72*VLOOKUP(AU$1,deflatores_ipca!$B$2:$E$61,4,FALSE) -> 46257.428 | AV72: =CUSTOS_nominal!AV72*VLOOKUP(AV$1,deflatores_ipca!$B$2:$E$61,4,FALSE) -> 47258.337 | AW72: =CUSTOS_nominal!AW72*VLOOKUP(AW$1,deflatores_ipca!$B$2:$E$61,4,FALSE) -> 53554.132 | AX72: =CUSTOS_nominal!AX72*VLOOKUP(AX$1,deflatores_ipca!$B$2:$E$61,4,FALSE) -> 50069.228 | ... BN72: =CUSTOS_nominal!BN72*VLOOKUP(BN$1,deflatores_ipca!$B$2:$E$61,4,FALSE) -> 0
A73: IBGE:2906873 | B73: BA | C73: Bahia | D73: CAPIM GROSSO | E73: 2906873 | F73: MEDIO | AE73: =CUSTOS_nominal!AE73*VLOOKUP(AE$1,deflatores_ipca!$B$2:$E$61,4,FALSE) -> 13652.864 | AF73: =CUSTOS_nominal!AF73*VLOOKUP(AF$1,deflatores_ipca!$B$2:$E$61,4,FALSE) -> 20017.858 | AG73: =CUSTOS_nominal!AG73*VLOOKUP(AG$1,deflatores_ipca!$B$2:$E$61,4,FALSE) -> 13007.186 | AH73: =CUSTOS_nominal!AH73*VLOOKUP(AH$1,deflatores_ipca!$B$2:$E$61,4,FALSE) -> 18200.923 | AI73: =CUSTOS_nominal!AI73*VLOOKUP(AI$1,deflatores_ipca!$B$2:$E$61,4,FALSE) -> 21254.184 | AJ73: =CUSTOS_nominal!AJ73*VLOOKUP(AJ$1,deflatores_ipca!$B$2:$E$61,4,FALSE) -> 21767.63 | AK73: =CUSTOS_nominal!AK73*VLOOKUP(AK$1,deflatores_ipca!$B$2:$E$61,4,FALSE) -> 16897.47 | AL73: =CUSTOS_nominal!AL73*VLOOKUP(AL$1,deflatores_ipca!$B$2:$E$61,4,FALSE) -> 20702.879 | ... AO73: =CUSTOS_nominal!AO73*VLOOKUP(AO$1,deflatores_ipca!$B$2:$E$61,4,FALSE) -> 19883.653 | AQ73: =CUSTOS_nominal!AQ73*VLOOKUP(AQ$1,deflatores_ipca!$B$2:$E$61,4,FALSE) -> 14852.054 | AR73: =CUSTOS_nominal!AR73*VLOOKUP(AR$1,deflatores_ipca!$B$2:$E$61,4,FALSE) -> 19425.928 | AS73: =CUSTOS_nominal!AS73*VLOOKUP(AS$1,deflatores_ipca!$B$2:$E$61,4,FALSE) -> 19634.705 | AT73: =CUSTOS_nominal!AT73*VLOOKUP(AT$1,deflatores_ipca!$B$2:$E$61,4,FALSE) -> 19943.713 | AU73: =CUSTOS_nominal!AU73*VLOOKUP(AU$1,deflatores_ipca!$B$2:$E$61,4,FALSE) -> 16685.273 | AV73: =CUSTOS_nominal!AV73*VLOOKUP(AV$1,deflatores_ipca!$B$2:$E$61,4,FALSE) -> 15249.163 | AW73: =CUSTOS_nominal!AW73*VLOOKUP(AW$1,deflatores_ipca!$B$2:$E$61,4,FALSE) -> 18789.48 | AX73: =CUSTOS_nominal!AX73*VLOOKUP(AX$1,deflatores_ipca!$B$2:$E$61,4,FALSE) -> 17398.126 | ... BN73: =CUSTOS_nominal!BN73*VLOOKUP(BN$1,deflatores_ipca!$B$2:$E$61,4,FALSE) -> 0
A74: IBGE:2906899 | B74: BA | C74: Bahia | D74: CARAIBAS | E74: 2906899 | F74: MEDIO | G74: =CUSTOS_nominal!G74*VLOOKUP(G$1,deflatores_ipca!$B$2:$E$61,4,FALSE) -> 57783.39 | H74: =CUSTOS_nominal!H74*VLOOKUP(H$1,deflatores_ipca!$B$2:$E$61,4,FALSE) -> 123967.21 | I74: =CUSTOS_nominal!I74*VLOOKUP(I$1,deflatores_ipca!$B$2:$E$61,4,FALSE) -> 124144.91 | J74: =CUSTOS_nominal!J74*VLOOKUP(J$1,deflatores_ipca!$B$2:$E$61,4,FALSE) -> 120664.32 | K74: =CUSTOS_nominal!K74*VLOOKUP(K$1,deflatores_ipca!$B$2:$E$61,4,FALSE) -> 118300.71 | L74: =CUSTOS_nominal!L74*VLOOKUP(L$1,deflatores_ipca!$B$2:$E$61,4,FALSE) -> 114245.97 | M74: =CUSTOS_nominal!M74*VLOOKUP(M$1,deflatores_ipca!$B$2:$E$61,4,FALSE) -> 118185.35 | N74: =CUSTOS_nominal!N74*VLOOKUP(N$1,deflatores_ipca!$B$2:$E$61,4,FALSE) -> 114594.65 | ... AB74: =CUSTOS_nominal!AB74*VLOOKUP(AB$1,deflatores_ipca!$B$2:$E$61,4,FALSE) -> 115378.29 | AE74: =CUSTOS_nominal!AE74*VLOOKUP(AE$1,deflatores_ipca!$B$2:$E$61,4,FALSE) -> 108282.79 | AF74: =CUSTOS_nominal!AF74*VLOOKUP(AF$1,deflatores_ipca!$B$2:$E$61,4,FALSE) -> 102700.33 | AG74: =CUSTOS_nominal!AG74*VLOOKUP(AG$1,deflatores_ipca!$B$2:$E$61,4,FALSE) -> 55843.902 | AH74: =CUSTOS_nominal!AH74*VLOOKUP(AH$1,deflatores_ipca!$B$2:$E$61,4,FALSE) -> 5843.4596 | AI74: =CUSTOS_nominal!AI74*VLOOKUP(AI$1,deflatores_ipca!$B$2:$E$61,4,FALSE) -> 2985.6484 | AJ74: =CUSTOS_nominal!AJ74*VLOOKUP(AJ$1,deflatores_ipca!$B$2:$E$61,4,FALSE) -> 54401.508 | AK74: =CUSTOS_nominal!AK74*VLOOKUP(AK$1,deflatores_ipca!$B$2:$E$61,4,FALSE) -> 53131.087 | AL74: =CUSTOS_nominal!AL74*VLOOKUP(AL$1,deflatores_ipca!$B$2:$E$61,4,FALSE) -> 53073.786 | ... AO74: =CUSTOS_nominal!AO74*VLOOKUP(AO$1,deflatores_ipca!$B$2:$E$61,4,FALSE) -> 40179.269 | AQ74: =CUSTOS_nominal!AQ74*VLOOKUP(AQ$1,deflatores_ipca!$B$2:$E$61,4,FALSE) -> 62660.965 | AR74: =CUSTOS_nominal!AR74*VLOOKUP(AR$1,deflatores_ipca!$B$2:$E$61,4,FALSE) -> 0 | AS74: =CUSTOS_nominal!AS74*VLOOKUP(AS$1,deflatores_ipca!$B$2:$E$61,4,FALSE) -> 55137.558 | AT74: =CUSTOS_nominal!AT74*VLOOKUP(AT$1,deflatores_ipca!$B$2:$E$61,4,FALSE) -> 60186.949 | AU74: =CUSTOS_nominal!AU74*VLOOKUP(AU$1,deflatores_ipca!$B$2:$E$61,4,FALSE) -> 54078.276 | AV74: =CUSTOS_nominal!AV74*VLOOKUP(AV$1,deflatores_ipca!$B$2:$E$61,4,FALSE) -> 0 | AW74: =CUSTOS_nominal!AW74*VLOOKUP(AW$1,deflatores_ipca!$B$2:$E$61,4,FALSE) -> 0 | AX74: =CUSTOS_nominal!AX74*VLOOKUP(AX$1,deflatores_ipca!$B$2:$E$61,4,FALSE) -> 0 | ... BN74: =CUSTOS_nominal!BN74*VLOOKUP(BN$1,deflatores_ipca!$B$2:$E$61,4,FALSE) -> 39743.34
A75: IBGE:2907103 | B75: BA | C75: Bahia | D75: CARINHANHA | E75: 2907103 | F75: MEDIO | G75: =CUSTOS_nominal!G75*VLOOKUP(G$1,deflatores_ipca!$B$2:$E$61,4,FALSE) -> 0 | H75: =CUSTOS_nominal!H75*VLOOKUP(H$1,deflatores_ipca!$B$2:$E$61,4,FALSE) -> 0 | I75: =CUSTOS_nominal!I75*VLOOKUP(I$1,deflatores_ipca!$B$2:$E$61,4,FALSE) -> 0 | J75: =CUSTOS_nominal!J75*VLOOKUP(J$1,deflatores_ipca!$B$2:$E$61,4,FALSE) -> 0 | K75: =CUSTOS_nominal!K75*VLOOKUP(K$1,deflatores_ipca!$B$2:$E$61,4,FALSE) -> 0 | L75: =CUSTOS_nominal!L75*VLOOKUP(L$1,deflatores_ipca!$B$2:$E$61,4,FALSE) -> 0 | M75: =CUSTOS_nominal!M75*VLOOKUP(M$1,deflatores_ipca!$B$2:$E$61,4,FALSE) -> 0 | N75: =CUSTOS_nominal!N75*VLOOKUP(N$1,deflatores_ipca!$B$2:$E$61,4,FALSE) -> 0 | ... AB75: =CUSTOS_nominal!AB75*VLOOKUP(AB$1,deflatores_ipca!$B$2:$E$61,4,FALSE) -> 95736.109 | AE75: =CUSTOS_nominal!AE75*VLOOKUP(AE$1,deflatores_ipca!$B$2:$E$61,4,FALSE) -> 87604.135 | AF75: =CUSTOS_nominal!AF75*VLOOKUP(AF$1,deflatores_ipca!$B$2:$E$61,4,FALSE) -> 82804.054 | AG75: =CUSTOS_nominal!AG75*VLOOKUP(AG$1,deflatores_ipca!$B$2:$E$61,4,FALSE) -> 62555.463 | AH75: =CUSTOS_nominal!AH75*VLOOKUP(AH$1,deflatores_ipca!$B$2:$E$61,4,FALSE) -> 70283.08 | AI75: =CUSTOS_nominal!AI75*VLOOKUP(AI$1,deflatores_ipca!$B$2:$E$61,4,FALSE) -> 70070.698 | AJ75: =CUSTOS_nominal!AJ75*VLOOKUP(AJ$1,deflatores_ipca!$B$2:$E$61,4,FALSE) -> 71378.265 | AK75: =CUSTOS_nominal!AK75*VLOOKUP(AK$1,deflatores_ipca!$B$2:$E$61,4,FALSE) -> 69942.711 | AL75: =CUSTOS_nominal!AL75*VLOOKUP(AL$1,deflatores_ipca!$B$2:$E$61,4,FALSE) -> 69853.528 | ... AO75: =CUSTOS_nominal!AO75*VLOOKUP(AO$1,deflatores_ipca!$B$2:$E$61,4,FALSE) -> 63782.833 | AQ75: =CUSTOS_nominal!AQ75*VLOOKUP(AQ$1,deflatores_ipca!$B$2:$E$61,4,FALSE) -> 58389.78 | AR75: =CUSTOS_nominal!AR75*VLOOKUP(AR$1,deflatores_ipca!$B$2:$E$61,4,FALSE) -> 0 | AS75: =CUSTOS_nominal!AS75*VLOOKUP(AS$1,deflatores_ipca!$B$2:$E$61,4,FALSE) -> 0 | AT75: =CUSTOS_nominal!AT75*VLOOKUP(AT$1,deflatores_ipca!$B$2:$E$61,4,FALSE) -> 0 | AU75: =CUSTOS_nominal!AU75*VLOOKUP(AU$1,deflatores_ipca!$B$2:$E$61,4,FALSE) -> 0 | AV75: =CUSTOS_nominal!AV75*VLOOKUP(AV$1,deflatores_ipca!$B$2:$E$61,4,FALSE) -> 0 | AW75: =CUSTOS_nominal!AW75*VLOOKUP(AW$1,deflatores_ipca!$B$2:$E$61,4,FALSE) -> 0 | AX75: =CUSTOS_nominal!AX75*VLOOKUP(AX$1,deflatores_ipca!$B$2:$E$61,4,FALSE) -> 0 | ... BN75: =CUSTOS_nominal!BN75*VLOOKUP(BN$1,deflatores_ipca!$B$2:$E$61,4,FALSE) -> 0
A76: IBGE:2907202 | B76: BA | C76: Bahia | D76: CASA NOVA | E76: 2907202 | F76: MEDIO | G76: =CUSTOS_nominal!G76*VLOOKUP(G$1,deflatores_ipca!$B$2:$E$61,4,FALSE) -> 997507.39 | H76: =CUSTOS_nominal!H76*VLOOKUP(H$1,deflatores_ipca!$B$2:$E$61,4,FALSE) -> 1008361.2 | I76: =CUSTOS_nominal!I76*VLOOKUP(I$1,deflatores_ipca!$B$2:$E$61,4,FALSE) -> 1003515.6 | J76: =CUSTOS_nominal!J76*VLOOKUP(J$1,deflatores_ipca!$B$2:$E$61,4,FALSE) -> 1006858.6 | K76: =CUSTOS_nominal!K76*VLOOKUP(K$1,deflatores_ipca!$B$2:$E$61,4,FALSE) -> 1011571.6 | L76: =CUSTOS_nominal!L76*VLOOKUP(L$1,deflatores_ipca!$B$2:$E$61,4,FALSE) -> 993677.31 | M76: =CUSTOS_nominal!M76*VLOOKUP(M$1,deflatores_ipca!$B$2:$E$61,4,FALSE) -> 977796.34 | N76: =CUSTOS_nominal!N76*VLOOKUP(N$1,deflatores_ipca!$B$2:$E$61,4,FALSE) -> 891550.73 | ... AB76: =CUSTOS_nominal!AB76*VLOOKUP(AB$1,deflatores_ipca!$B$2:$E$61,4,FALSE) -> 715335 | AE76: =CUSTOS_nominal!AE76*VLOOKUP(AE$1,deflatores_ipca!$B$2:$E$61,4,FALSE) -> 713495.7 | AF76: =CUSTOS_nominal!AF76*VLOOKUP(AF$1,deflatores_ipca!$B$2:$E$61,4,FALSE) -> 640968.08 | AG76: =CUSTOS_nominal!AG76*VLOOKUP(AG$1,deflatores_ipca!$B$2:$E$61,4,FALSE) -> 709363.84 | AH76: =CUSTOS_nominal!AH76*VLOOKUP(AH$1,deflatores_ipca!$B$2:$E$61,4,FALSE) -> 720720.2 | AI76: =CUSTOS_nominal!AI76*VLOOKUP(AI$1,deflatores_ipca!$B$2:$E$61,4,FALSE) -> 764570.38 | AJ76: =CUSTOS_nominal!AJ76*VLOOKUP(AJ$1,deflatores_ipca!$B$2:$E$61,4,FALSE) -> 766698.4 | AK76: =CUSTOS_nominal!AK76*VLOOKUP(AK$1,deflatores_ipca!$B$2:$E$61,4,FALSE) -> 765459.16 | AL76: =CUSTOS_nominal!AL76*VLOOKUP(AL$1,deflatores_ipca!$B$2:$E$61,4,FALSE) -> 780028.28 | ... AO76: =CUSTOS_nominal!AO76*VLOOKUP(AO$1,deflatores_ipca!$B$2:$E$61,4,FALSE) -> 850311.06 | AQ76: =CUSTOS_nominal!AQ76*VLOOKUP(AQ$1,deflatores_ipca!$B$2:$E$61,4,FALSE) -> 864727.68 | AR76: =CUSTOS_nominal!AR76*VLOOKUP(AR$1,deflatores_ipca!$B$2:$E$61,4,FALSE) -> 860492.84 | AS76: =CUSTOS_nominal!AS76*VLOOKUP(AS$1,deflatores_ipca!$B$2:$E$61,4,FALSE) -> 859181.8 | AT76: =CUSTOS_nominal!AT76*VLOOKUP(AT$1,deflatores_ipca!$B$2:$E$61,4,FALSE) -> 836003.34 | AU76: =CUSTOS_nominal!AU76*VLOOKUP(AU$1,deflatores_ipca!$B$2:$E$61,4,FALSE) -> 0 | AV76: =CUSTOS_nominal!AV76*VLOOKUP(AV$1,deflatores_ipca!$B$2:$E$61,4,FALSE) -> 793168 | AW76: =CUSTOS_nominal!AW76*VLOOKUP(AW$1,deflatores_ipca!$B$2:$E$61,4,FALSE) -> 809117.08 | AX76: =CUSTOS_nominal!AX76*VLOOKUP(AX$1,deflatores_ipca!$B$2:$E$61,4,FALSE) -> 774288.62 | ... BN76: =CUSTOS_nominal!BN76*VLOOKUP(BN$1,deflatores_ipca!$B$2:$E$61,4,FALSE) -> 699219.56
A77: IBGE:2907558 | B77: BA | C77: Bahia | D77: CATURAMA | E77: 2907558 | F77: MEDIO | G77: =CUSTOS_nominal!G77*VLOOKUP(G$1,deflatores_ipca!$B$2:$E$61,4,FALSE) -> 82165.142 | H77: =CUSTOS_nominal!H77*VLOOKUP(H$1,deflatores_ipca!$B$2:$E$61,4,FALSE) -> 78493.404 | I77: =CUSTOS_nominal!I77*VLOOKUP(I$1,deflatores_ipca!$B$2:$E$61,4,FALSE) -> 81437.336 | J77: =CUSTOS_nominal!J77*VLOOKUP(J$1,deflatores_ipca!$B$2:$E$61,4,FALSE) -> 80721.416 | K77: =CUSTOS_nominal!K77*VLOOKUP(K$1,deflatores_ipca!$B$2:$E$61,4,FALSE) -> 78528.694 | L77: =CUSTOS_nominal!L77*VLOOKUP(L$1,deflatores_ipca!$B$2:$E$61,4,FALSE) -> 72827.114 | M77: =CUSTOS_nominal!M77*VLOOKUP(M$1,deflatores_ipca!$B$2:$E$61,4,FALSE) -> 74986.441 | N77: =CUSTOS_nominal!N77*VLOOKUP(N$1,deflatores_ipca!$B$2:$E$61,4,FALSE) -> 74597.928 | ... AB77: =CUSTOS_nominal!AB77*VLOOKUP(AB$1,deflatores_ipca!$B$2:$E$61,4,FALSE) -> 73626.552 | AE77: =CUSTOS_nominal!AE77*VLOOKUP(AE$1,deflatores_ipca!$B$2:$E$61,4,FALSE) -> 63559.325 | AF77: =CUSTOS_nominal!AF77*VLOOKUP(AF$1,deflatores_ipca!$B$2:$E$61,4,FALSE) -> 36105.195 | AG77: =CUSTOS_nominal!AG77*VLOOKUP(AG$1,deflatores_ipca!$B$2:$E$61,4,FALSE) -> 34297.986 | AH77: =CUSTOS_nominal!AH77*VLOOKUP(AH$1,deflatores_ipca!$B$2:$E$61,4,FALSE) -> 33459.379 | AI77: =CUSTOS_nominal!AI77*VLOOKUP(AI$1,deflatores_ipca!$B$2:$E$61,4,FALSE) -> 35111.449 | AJ77: =CUSTOS_nominal!AJ77*VLOOKUP(AJ$1,deflatores_ipca!$B$2:$E$61,4,FALSE) -> 33526.972 | AK77: =CUSTOS_nominal!AK77*VLOOKUP(AK$1,deflatores_ipca!$B$2:$E$61,4,FALSE) -> 32792.46 | AL77: =CUSTOS_nominal!AL77*VLOOKUP(AL$1,deflatores_ipca!$B$2:$E$61,4,FALSE) -> 32279.062 | ... AO77: =CUSTOS_nominal!AO77*VLOOKUP(AO$1,deflatores_ipca!$B$2:$E$61,4,FALSE) -> 21378.539 | AQ77: =CUSTOS_nominal!AQ77*VLOOKUP(AQ$1,deflatores_ipca!$B$2:$E$61,4,FALSE) -> 0 | AR77: =CUSTOS_nominal!AR77*VLOOKUP(AR$1,deflatores_ipca!$B$2:$E$61,4,FALSE) -> 28944.448 | AS77: =CUSTOS_nominal!AS77*VLOOKUP(AS$1,deflatores_ipca!$B$2:$E$61,4,FALSE) -> 29506.029 | AT77: =CUSTOS_nominal!AT77*VLOOKUP(AT$1,deflatores_ipca!$B$2:$E$61,4,FALSE) -> 32779.607 | AU77: =CUSTOS_nominal!AU77*VLOOKUP(AU$1,deflatores_ipca!$B$2:$E$61,4,FALSE) -> 22657.685 | AV77: =CUSTOS_nominal!AV77*VLOOKUP(AV$1,deflatores_ipca!$B$2:$E$61,4,FALSE) -> 28882.551 | AW77: =CUSTOS_nominal!AW77*VLOOKUP(AW$1,deflatores_ipca!$B$2:$E$61,4,FALSE) -> 33839.836 | AX77: =CUSTOS_nominal!AX77*VLOOKUP(AX$1,deflatores_ipca!$B$2:$E$61,4,FALSE) -> 27304.345 | ... BN77: =CUSTOS_nominal!BN77*VLOOKUP(BN$1,deflatores_ipca!$B$2:$E$61,4,FALSE) -> 0
A78: IBGE:2907608 | B78: BA | C78: Bahia | D78: CENTRAL | E78: 2907608 | F78: MEDIO | G78: =CUSTOS_nominal!G78*VLOOKUP(G$1,deflatores_ipca!$B$2:$E$61,4,FALSE) -> 0 | H78: =CUSTOS_nominal!H78*VLOOKUP(H$1,deflatores_ipca!$B$2:$E$61,4,FALSE) -> 22532.128 | I78: =CUSTOS_nominal!I78*VLOOKUP(I$1,deflatores_ipca!$B$2:$E$61,4,FALSE) -> 33450.137 | J78: =CUSTOS_nominal!J78*VLOOKUP(J$1,deflatores_ipca!$B$2:$E$61,4,FALSE) -> 35259.183 | K78: =CUSTOS_nominal!K78*VLOOKUP(K$1,deflatores_ipca!$B$2:$E$61,4,FALSE) -> 21098.64 | L78: =CUSTOS_nominal!L78*VLOOKUP(L$1,deflatores_ipca!$B$2:$E$61,4,FALSE) -> 30936.87 | M78: =CUSTOS_nominal!M78*VLOOKUP(M$1,deflatores_ipca!$B$2:$E$61,4,FALSE) -> 30221.223 | N78: =CUSTOS_nominal!N78*VLOOKUP(N$1,deflatores_ipca!$B$2:$E$61,4,FALSE) -> 31983.449 | ... AB78: =CUSTOS_nominal!AB78*VLOOKUP(AB$1,deflatores_ipca!$B$2:$E$61,4,FALSE) -> 27201.865 | AE78: =CUSTOS_nominal!AE78*VLOOKUP(AE$1,deflatores_ipca!$B$2:$E$61,4,FALSE) -> 23767.803 | AF78: =CUSTOS_nominal!AF78*VLOOKUP(AF$1,deflatores_ipca!$B$2:$E$61,4,FALSE) -> 24157.597 | AG78: =CUSTOS_nominal!AG78*VLOOKUP(AG$1,deflatores_ipca!$B$2:$E$61,4,FALSE) -> 24575.533 | AH78: =CUSTOS_nominal!AH78*VLOOKUP(AH$1,deflatores_ipca!$B$2:$E$61,4,FALSE) -> 24541.175 | AI78: =CUSTOS_nominal!AI78*VLOOKUP(AI$1,deflatores_ipca!$B$2:$E$61,4,FALSE) -> 26712.582 | AJ78: =CUSTOS_nominal!AJ78*VLOOKUP(AJ$1,deflatores_ipca!$B$2:$E$61,4,FALSE) -> 23068.912 | AK78: =CUSTOS_nominal!AK78*VLOOKUP(AK$1,deflatores_ipca!$B$2:$E$61,4,FALSE) -> 19462.27 | AL78: =CUSTOS_nominal!AL78*VLOOKUP(AL$1,deflatores_ipca!$B$2:$E$61,4,FALSE) -> 19696.094 | ... AO78: =CUSTOS_nominal!AO78*VLOOKUP(AO$1,deflatores_ipca!$B$2:$E$61,4,FALSE) -> 18394.614 | AQ78: =CUSTOS_nominal!AQ78*VLOOKUP(AQ$1,deflatores_ipca!$B$2:$E$61,4,FALSE) -> 22003.583 | AR78: =CUSTOS_nominal!AR78*VLOOKUP(AR$1,deflatores_ipca!$B$2:$E$61,4,FALSE) -> 20296.646 | AS78: =CUSTOS_nominal!AS78*VLOOKUP(AS$1,deflatores_ipca!$B$2:$E$61,4,FALSE) -> 20820.698 | AT78: =CUSTOS_nominal!AT78*VLOOKUP(AT$1,deflatores_ipca!$B$2:$E$61,4,FALSE) -> 21376.546 | AU78: =CUSTOS_nominal!AU78*VLOOKUP(AU$1,deflatores_ipca!$B$2:$E$61,4,FALSE) -> 19870.856 | AV78: =CUSTOS_nominal!AV78*VLOOKUP(AV$1,deflatores_ipca!$B$2:$E$61,4,FALSE) -> 17891.176 | AW78: =CUSTOS_nominal!AW78*VLOOKUP(AW$1,deflatores_ipca!$B$2:$E$61,4,FALSE) -> 23346.838 | AX78: =CUSTOS_nominal!AX78*VLOOKUP(AX$1,deflatores_ipca!$B$2:$E$61,4,FALSE) -> 19921.357 | ... BN78: =CUSTOS_nominal!BN78*VLOOKUP(BN$1,deflatores_ipca!$B$2:$E$61,4,FALSE) -> 0
A79: IBGE:2907707 | B79: BA | C79: Bahia | D79: CHORROCHO | E79: 2907707 | F79: MEDIO | G79: =CUSTOS_nominal!G79*VLOOKUP(G$1,deflatores_ipca!$B$2:$E$61,4,FALSE) -> 246558.85 | H79: =CUSTOS_nominal!H79*VLOOKUP(H$1,deflatores_ipca!$B$2:$E$61,4,FALSE) -> 236804.03 | I79: =CUSTOS_nominal!I79*VLOOKUP(I$1,deflatores_ipca!$B$2:$E$61,4,FALSE) -> 237853.54 | J79: =CUSTOS_nominal!J79*VLOOKUP(J$1,deflatores_ipca!$B$2:$E$61,4,FALSE) -> 248876.6 | K79: =CUSTOS_nominal!K79*VLOOKUP(K$1,deflatores_ipca!$B$2:$E$61,4,FALSE) -> 241931.49 | L79: =CUSTOS_nominal!L79*VLOOKUP(L$1,deflatores_ipca!$B$2:$E$61,4,FALSE) -> 228803.76 | M79: =CUSTOS_nominal!M79*VLOOKUP(M$1,deflatores_ipca!$B$2:$E$61,4,FALSE) -> 216665.81 | N79: =CUSTOS_nominal!N79*VLOOKUP(N$1,deflatores_ipca!$B$2:$E$61,4,FALSE) -> 198936.66 | ... AB79: =CUSTOS_nominal!AB79*VLOOKUP(AB$1,deflatores_ipca!$B$2:$E$61,4,FALSE) -> 193963.11 | AE79: =CUSTOS_nominal!AE79*VLOOKUP(AE$1,deflatores_ipca!$B$2:$E$61,4,FALSE) -> 184583.39 | AF79: =CUSTOS_nominal!AF79*VLOOKUP(AF$1,deflatores_ipca!$B$2:$E$61,4,FALSE) -> 190621.41 | AG79: =CUSTOS_nominal!AG79*VLOOKUP(AG$1,deflatores_ipca!$B$2:$E$61,4,FALSE) -> 197200.92 | AH79: =CUSTOS_nominal!AH79*VLOOKUP(AH$1,deflatores_ipca!$B$2:$E$61,4,FALSE) -> 195436.93 | AI79: =CUSTOS_nominal!AI79*VLOOKUP(AI$1,deflatores_ipca!$B$2:$E$61,4,FALSE) -> 198374.2 | AJ79: =CUSTOS_nominal!AJ79*VLOOKUP(AJ$1,deflatores_ipca!$B$2:$E$61,4,FALSE) -> 248154.67 | AK79: =CUSTOS_nominal!AK79*VLOOKUP(AK$1,deflatores_ipca!$B$2:$E$61,4,FALSE) -> 223135.68 | AL79: =CUSTOS_nominal!AL79*VLOOKUP(AL$1,deflatores_ipca!$B$2:$E$61,4,FALSE) -> 219481.9 | ... AO79: =CUSTOS_nominal!AO79*VLOOKUP(AO$1,deflatores_ipca!$B$2:$E$61,4,FALSE) -> 218785.01 | AQ79: =CUSTOS_nominal!AQ79*VLOOKUP(AQ$1,deflatores_ipca!$B$2:$E$61,4,FALSE) -> 222209.39 | AR79: =CUSTOS_nominal!AR79*VLOOKUP(AR$1,deflatores_ipca!$B$2:$E$61,4,FALSE) -> 174157.17 | AS79: =CUSTOS_nominal!AS79*VLOOKUP(AS$1,deflatores_ipca!$B$2:$E$61,4,FALSE) -> 91854.709 | AT79: =CUSTOS_nominal!AT79*VLOOKUP(AT$1,deflatores_ipca!$B$2:$E$61,4,FALSE) -> 155554.13 | AU79: =CUSTOS_nominal!AU79*VLOOKUP(AU$1,deflatores_ipca!$B$2:$E$61,4,FALSE) -> 139229.01 | AV79: =CUSTOS_nominal!AV79*VLOOKUP(AV$1,deflatores_ipca!$B$2:$E$61,4,FALSE) -> 155748.1 | AW79: =CUSTOS_nominal!AW79*VLOOKUP(AW$1,deflatores_ipca!$B$2:$E$61,4,FALSE) -> 151500.33 | AX79: =CUSTOS_nominal!AX79*VLOOKUP(AX$1,deflatores_ipca!$B$2:$E$61,4,FALSE) -> 162474.27 | ... BN79: =CUSTOS_nominal!BN79*VLOOKUP(BN$1,deflatores_ipca!$B$2:$E$61,4,FALSE) -> 155613.26
A80: IBGE:2908705 | B80: BA | C80: Bahia | D80: CONDEUBA | E80: 2908705 | F80: MEDIO | G80: =CUSTOS_nominal!G80*VLOOKUP(G$1,deflatores_ipca!$B$2:$E$61,4,FALSE) -> 44313.992 | H80: =CUSTOS_nominal!H80*VLOOKUP(H$1,deflatores_ipca!$B$2:$E$61,4,FALSE) -> 39575.674 | I80: =CUSTOS_nominal!I80*VLOOKUP(I$1,deflatores_ipca!$B$2:$E$61,4,FALSE) -> 40630.754 | J80: =CUSTOS_nominal!J80*VLOOKUP(J$1,deflatores_ipca!$B$2:$E$61,4,FALSE) -> 38876.359 | K80: =CUSTOS_nominal!K80*VLOOKUP(K$1,deflatores_ipca!$B$2:$E$61,4,FALSE) -> 37627.305 | L80: =CUSTOS_nominal!L80*VLOOKUP(L$1,deflatores_ipca!$B$2:$E$61,4,FALSE) -> 34329.481 | M80: =CUSTOS_nominal!M80*VLOOKUP(M$1,deflatores_ipca!$B$2:$E$61,4,FALSE) -> 38071.705 | N80: =CUSTOS_nominal!N80*VLOOKUP(N$1,deflatores_ipca!$B$2:$E$61,4,FALSE) -> 36274.546 | ... AB80: =CUSTOS_nominal!AB80*VLOOKUP(AB$1,deflatores_ipca!$B$2:$E$61,4,FALSE) -> 36548.213 | AE80: =CUSTOS_nominal!AE80*VLOOKUP(AE$1,deflatores_ipca!$B$2:$E$61,4,FALSE) -> 28437.496 | AF80: =CUSTOS_nominal!AF80*VLOOKUP(AF$1,deflatores_ipca!$B$2:$E$61,4,FALSE) -> 28308.63 | AG80: =CUSTOS_nominal!AG80*VLOOKUP(AG$1,deflatores_ipca!$B$2:$E$61,4,FALSE) -> 27189.765 | AH80: =CUSTOS_nominal!AH80*VLOOKUP(AH$1,deflatores_ipca!$B$2:$E$61,4,FALSE) -> 26398.702 | AI80: =CUSTOS_nominal!AI80*VLOOKUP(AI$1,deflatores_ipca!$B$2:$E$61,4,FALSE) -> 24773.645 | AJ80: =CUSTOS_nominal!AJ80*VLOOKUP(AJ$1,deflatores_ipca!$B$2:$E$61,4,FALSE) -> 23637.029 | AK80: =CUSTOS_nominal!AK80*VLOOKUP(AK$1,deflatores_ipca!$B$2:$E$61,4,FALSE) -> 25626.805 | AL80: =CUSTOS_nominal!AL80*VLOOKUP(AL$1,deflatores_ipca!$B$2:$E$61,4,FALSE) -> 25429.849 | ... AO80: =CUSTOS_nominal!AO80*VLOOKUP(AO$1,deflatores_ipca!$B$2:$E$61,4,FALSE) -> 22378.249 | AQ80: =CUSTOS_nominal!AQ80*VLOOKUP(AQ$1,deflatores_ipca!$B$2:$E$61,4,FALSE) -> 35470.806 | AR80: =CUSTOS_nominal!AR80*VLOOKUP(AR$1,deflatores_ipca!$B$2:$E$61,4,FALSE) -> 0 | AS80: =CUSTOS_nominal!AS80*VLOOKUP(AS$1,deflatores_ipca!$B$2:$E$61,4,FALSE) -> 29933.834 | AT80: =CUSTOS_nominal!AT80*VLOOKUP(AT$1,deflatores_ipca!$B$2:$E$61,4,FALSE) -> 35452.797 | AU80: =CUSTOS_nominal!AU80*VLOOKUP(AU$1,deflatores_ipca!$B$2:$E$61,4,FALSE) -> 29324.09 | AV80: =CUSTOS_nominal!AV80*VLOOKUP(AV$1,deflatores_ipca!$B$2:$E$61,4,FALSE) -> 0 | AW80: =CUSTOS_nominal!AW80*VLOOKUP(AW$1,deflatores_ipca!$B$2:$E$61,4,FALSE) -> 0 | AX80: =CUSTOS_nominal!AX80*VLOOKUP(AX$1,deflatores_ipca!$B$2:$E$61,4,FALSE) -> 0 | ... BN80: =CUSTOS_nominal!BN80*VLOOKUP(BN$1,deflatores_ipca!$B$2:$E$61,4,FALSE) -> 0
A81: IBGE:2909000 | B81: BA | C81: Bahia | D81: CORDEIROS | E81: 2909000 | F81: MEDIO | G81: =CUSTOS_nominal!G81*VLOOKUP(G$1,deflatores_ipca!$B$2:$E$61,4,FALSE) -> 47968.884 | H81: =CUSTOS_nominal!H81*VLOOKUP(H$1,deflatores_ipca!$B$2:$E$61,4,FALSE) -> 43451.852 | I81: =CUSTOS_nominal!I81*VLOOKUP(I$1,deflatores_ipca!$B$2:$E$61,4,FALSE) -> 45076.624 | J81: =CUSTOS_nominal!J81*VLOOKUP(J$1,deflatores_ipca!$B$2:$E$61,4,FALSE) -> 43447.567 | K81: =CUSTOS_nominal!K81*VLOOKUP(K$1,deflatores_ipca!$B$2:$E$61,4,FALSE) -> 41502.036 | L81: =CUSTOS_nominal!L81*VLOOKUP(L$1,deflatores_ipca!$B$2:$E$61,4,FALSE) -> 37910.099 | M81: =CUSTOS_nominal!M81*VLOOKUP(M$1,deflatores_ipca!$B$2:$E$61,4,FALSE) -> 42067.855 | N81: =CUSTOS_nominal!N81*VLOOKUP(N$1,deflatores_ipca!$B$2:$E$61,4,FALSE) -> 40261.924 | ... AB81: =CUSTOS_nominal!AB81*VLOOKUP(AB$1,deflatores_ipca!$B$2:$E$61,4,FALSE) -> 40203.993 | AE81: =CUSTOS_nominal!AE81*VLOOKUP(AE$1,deflatores_ipca!$B$2:$E$61,4,FALSE) -> 32533.486 | AF81: =CUSTOS_nominal!AF81*VLOOKUP(AF$1,deflatores_ipca!$B$2:$E$61,4,FALSE) -> 30434.272 | AG81: =CUSTOS_nominal!AG81*VLOOKUP(AG$1,deflatores_ipca!$B$2:$E$61,4,FALSE) -> 19723.139 | AH81: =CUSTOS_nominal!AH81*VLOOKUP(AH$1,deflatores_ipca!$B$2:$E$61,4,FALSE) -> 20639.016 | AI81: =CUSTOS_nominal!AI81*VLOOKUP(AI$1,deflatores_ipca!$B$2:$E$61,4,FALSE) -> 20724.369 | AJ81: =CUSTOS_nominal!AJ81*VLOOKUP(AJ$1,deflatores_ipca!$B$2:$E$61,4,FALSE) -> 22949.708 | AK81: =CUSTOS_nominal!AK81*VLOOKUP(AK$1,deflatores_ipca!$B$2:$E$61,4,FALSE) -> 22534.043 | AL81: =CUSTOS_nominal!AL81*VLOOKUP(AL$1,deflatores_ipca!$B$2:$E$61,4,FALSE) -> 22362.63 | ... AO81: =CUSTOS_nominal!AO81*VLOOKUP(AO$1,deflatores_ipca!$B$2:$E$61,4,FALSE) -> 20939.218 | AQ81: =CUSTOS_nominal!AQ81*VLOOKUP(AQ$1,deflatores_ipca!$B$2:$E$61,4,FALSE) -> 0 | AR81: =CUSTOS_nominal!AR81*VLOOKUP(AR$1,deflatores_ipca!$B$2:$E$61,4,FALSE) -> 0 | AS81: =CUSTOS_nominal!AS81*VLOOKUP(AS$1,deflatores_ipca!$B$2:$E$61,4,FALSE) -> 25047.769 | AT81: =CUSTOS_nominal!AT81*VLOOKUP(AT$1,deflatores_ipca!$B$2:$E$61,4,FALSE) -> 30610.665 | AU81: =CUSTOS_nominal!AU81*VLOOKUP(AU$1,deflatores_ipca!$B$2:$E$61,4,FALSE) -> 23939.568 | AV81: =CUSTOS_nominal!AV81*VLOOKUP(AV$1,deflatores_ipca!$B$2:$E$61,4,FALSE) -> 0 | AW81: =CUSTOS_nominal!AW81*VLOOKUP(AW$1,deflatores_ipca!$B$2:$E$61,4,FALSE) -> 0 | AX81: =CUSTOS_nominal!AX81*VLOOKUP(AX$1,deflatores_ipca!$B$2:$E$61,4,FALSE) -> 0 | ... BN81: =CUSTOS_nominal!BN81*VLOOKUP(BN$1,deflatores_ipca!$B$2:$E$61,4,FALSE) -> 0
A82: IBGE:2909109 | B82: BA | C82: Bahia | D82: CORIBE | E82: 2909109 | F82: MEDIO | G82: =CUSTOS_nominal!G82*VLOOKUP(G$1,deflatores_ipca!$B$2:$E$61,4,FALSE) -> 0 | H82: =CUSTOS_nominal!H82*VLOOKUP(H$1,deflatores_ipca!$B$2:$E$61,4,FALSE) -> 0 | I82: =CUSTOS_nominal!I82*VLOOKUP(I$1,deflatores_ipca!$B$2:$E$61,4,FALSE) -> 0 | J82: =CUSTOS_nominal!J82*VLOOKUP(J$1,deflatores_ipca!$B$2:$E$61,4,FALSE) -> 0 | K82: =CUSTOS_nominal!K82*VLOOKUP(K$1,deflatores_ipca!$B$2:$E$61,4,FALSE) -> 70803.391 | L82: =CUSTOS_nominal!L82*VLOOKUP(L$1,deflatores_ipca!$B$2:$E$61,4,FALSE) -> 72933.731 | M82: =CUSTOS_nominal!M82*VLOOKUP(M$1,deflatores_ipca!$B$2:$E$61,4,FALSE) -> 70486.689 | N82: =CUSTOS_nominal!N82*VLOOKUP(N$1,deflatores_ipca!$B$2:$E$61,4,FALSE) -> 67765.327 | ... AB82: =CUSTOS_nominal!AB82*VLOOKUP(AB$1,deflatores_ipca!$B$2:$E$61,4,FALSE) -> 117646.24 | AE82: =CUSTOS_nominal!AE82*VLOOKUP(AE$1,deflatores_ipca!$B$2:$E$61,4,FALSE) -> 112211.95 | AF82: =CUSTOS_nominal!AF82*VLOOKUP(AF$1,deflatores_ipca!$B$2:$E$61,4,FALSE) -> 116040.82 | AG82: =CUSTOS_nominal!AG82*VLOOKUP(AG$1,deflatores_ipca!$B$2:$E$61,4,FALSE) -> 107478.22 | AH82: =CUSTOS_nominal!AH82*VLOOKUP(AH$1,deflatores_ipca!$B$2:$E$61,4,FALSE) -> 116251.25 | AI82: =CUSTOS_nominal!AI82*VLOOKUP(AI$1,deflatores_ipca!$B$2:$E$61,4,FALSE) -> 110658.91 | AJ82: =CUSTOS_nominal!AJ82*VLOOKUP(AJ$1,deflatores_ipca!$B$2:$E$61,4,FALSE) -> 106223.65 | AK82: =CUSTOS_nominal!AK82*VLOOKUP(AK$1,deflatores_ipca!$B$2:$E$61,4,FALSE) -> 112446.04 | AL82: =CUSTOS_nominal!AL82*VLOOKUP(AL$1,deflatores_ipca!$B$2:$E$61,4,FALSE) -> 111934.57 | ... AO82: =CUSTOS_nominal!AO82*VLOOKUP(AO$1,deflatores_ipca!$B$2:$E$61,4,FALSE) -> 105990.82 | AQ82: =CUSTOS_nominal!AQ82*VLOOKUP(AQ$1,deflatores_ipca!$B$2:$E$61,4,FALSE) -> 115428.07 | AR82: =CUSTOS_nominal!AR82*VLOOKUP(AR$1,deflatores_ipca!$B$2:$E$61,4,FALSE) -> 105027.13 | AS82: =CUSTOS_nominal!AS82*VLOOKUP(AS$1,deflatores_ipca!$B$2:$E$61,4,FALSE) -> 0 | AT82: =CUSTOS_nominal!AT82*VLOOKUP(AT$1,deflatores_ipca!$B$2:$E$61,4,FALSE) -> 53476.734 | AU82: =CUSTOS_nominal!AU82*VLOOKUP(AU$1,deflatores_ipca!$B$2:$E$61,4,FALSE) -> 102728.14 | AV82: =CUSTOS_nominal!AV82*VLOOKUP(AV$1,deflatores_ipca!$B$2:$E$61,4,FALSE) -> 0 | AW82: =CUSTOS_nominal!AW82*VLOOKUP(AW$1,deflatores_ipca!$B$2:$E$61,4,FALSE) -> 0 | AX82: =CUSTOS_nominal!AX82*VLOOKUP(AX$1,deflatores_ipca!$B$2:$E$61,4,FALSE) -> 0 | ... BN82: =CUSTOS_nominal!BN82*VLOOKUP(BN$1,deflatores_ipca!$B$2:$E$61,4,FALSE) -> 0
A83: IBGE:2909208 | B83: BA | C83: Bahia | D83: CORONEL JOAO SA | E83: 2909208 | F83: MEDIO | G83: =CUSTOS_nominal!G83*VLOOKUP(G$1,deflatores_ipca!$B$2:$E$61,4,FALSE) -> 455838.32 | H83: =CUSTOS_nominal!H83*VLOOKUP(H$1,deflatores_ipca!$B$2:$E$61,4,FALSE) -> 355768.98 | I83: =CUSTOS_nominal!I83*VLOOKUP(I$1,deflatores_ipca!$B$2:$E$61,4,FALSE) -> 445570.95 | J83: =CUSTOS_nominal!J83*VLOOKUP(J$1,deflatores_ipca!$B$2:$E$61,4,FALSE) -> 441746.93 | K83: =CUSTOS_nominal!K83*VLOOKUP(K$1,deflatores_ipca!$B$2:$E$61,4,FALSE) -> 436810 | L83: =CUSTOS_nominal!L83*VLOOKUP(L$1,deflatores_ipca!$B$2:$E$61,4,FALSE) -> 355113.64 | M83: =CUSTOS_nominal!M83*VLOOKUP(M$1,deflatores_ipca!$B$2:$E$61,4,FALSE) -> 350346.11 | N83: =CUSTOS_nominal!N83*VLOOKUP(N$1,deflatores_ipca!$B$2:$E$61,4,FALSE) -> 352782.44 | ... AB83: =CUSTOS_nominal!AB83*VLOOKUP(AB$1,deflatores_ipca!$B$2:$E$61,4,FALSE) -> 239448.15 | AE83: =CUSTOS_nominal!AE83*VLOOKUP(AE$1,deflatores_ipca!$B$2:$E$61,4,FALSE) -> 240614.1 | AF83: =CUSTOS_nominal!AF83*VLOOKUP(AF$1,deflatores_ipca!$B$2:$E$61,4,FALSE) -> 238992.1 | AG83: =CUSTOS_nominal!AG83*VLOOKUP(AG$1,deflatores_ipca!$B$2:$E$61,4,FALSE) -> 243438.01 | AH83: =CUSTOS_nominal!AH83*VLOOKUP(AH$1,deflatores_ipca!$B$2:$E$61,4,FALSE) -> 240210.66 | AI83: =CUSTOS_nominal!AI83*VLOOKUP(AI$1,deflatores_ipca!$B$2:$E$61,4,FALSE) -> 237803.24 | AJ83: =CUSTOS_nominal!AJ83*VLOOKUP(AJ$1,deflatores_ipca!$B$2:$E$61,4,FALSE) -> 258355.44 | AK83: =CUSTOS_nominal!AK83*VLOOKUP(AK$1,deflatores_ipca!$B$2:$E$61,4,FALSE) -> 265924.69 | AL83: =CUSTOS_nominal!AL83*VLOOKUP(AL$1,deflatores_ipca!$B$2:$E$61,4,FALSE) -> 263406.78 | ... AO83: =CUSTOS_nominal!AO83*VLOOKUP(AO$1,deflatores_ipca!$B$2:$E$61,4,FALSE) -> 275356.56 | AQ83: =CUSTOS_nominal!AQ83*VLOOKUP(AQ$1,deflatores_ipca!$B$2:$E$61,4,FALSE) -> 268139.9 | AR83: =CUSTOS_nominal!AR83*VLOOKUP(AR$1,deflatores_ipca!$B$2:$E$61,4,FALSE) -> 267066.34 | AS83: =CUSTOS_nominal!AS83*VLOOKUP(AS$1,deflatores_ipca!$B$2:$E$61,4,FALSE) -> 242329.84 | AT83: =CUSTOS_nominal!AT83*VLOOKUP(AT$1,deflatores_ipca!$B$2:$E$61,4,FALSE) -> 196967.92 | AU83: =CUSTOS_nominal!AU83*VLOOKUP(AU$1,deflatores_ipca!$B$2:$E$61,4,FALSE) -> 249144.81 | AV83: =CUSTOS_nominal!AV83*VLOOKUP(AV$1,deflatores_ipca!$B$2:$E$61,4,FALSE) -> 239727.85 | AW83: =CUSTOS_nominal!AW83*VLOOKUP(AW$1,deflatores_ipca!$B$2:$E$61,4,FALSE) -> 228926.84 | AX83: =CUSTOS_nominal!AX83*VLOOKUP(AX$1,deflatores_ipca!$B$2:$E$61,4,FALSE) -> 229658.41 | ... BN83: =CUSTOS_nominal!BN83*VLOOKUP(BN$1,deflatores_ipca!$B$2:$E$61,4,FALSE) -> 263156.19
A84: IBGE:2909307 | B84: BA | C84: Bahia | D84: CORRENTINA | E84: 2909307 | F84: MEDIO | G84: =CUSTOS_nominal!G84*VLOOKUP(G$1,deflatores_ipca!$B$2:$E$61,4,FALSE) -> 28875.301 | H84: =CUSTOS_nominal!H84*VLOOKUP(H$1,deflatores_ipca!$B$2:$E$61,4,FALSE) -> 31209.416 | I84: =CUSTOS_nominal!I84*VLOOKUP(I$1,deflatores_ipca!$B$2:$E$61,4,FALSE) -> 34468.332 | J84: =CUSTOS_nominal!J84*VLOOKUP(J$1,deflatores_ipca!$B$2:$E$61,4,FALSE) -> 32942.762 | K84: =CUSTOS_nominal!K84*VLOOKUP(K$1,deflatores_ipca!$B$2:$E$61,4,FALSE) -> 32126.342 | L84: =CUSTOS_nominal!L84*VLOOKUP(L$1,deflatores_ipca!$B$2:$E$61,4,FALSE) -> 30810.158 | M84: =CUSTOS_nominal!M84*VLOOKUP(M$1,deflatores_ipca!$B$2:$E$61,4,FALSE) -> 31433.418 | N84: =CUSTOS_nominal!N84*VLOOKUP(N$1,deflatores_ipca!$B$2:$E$61,4,FALSE) -> 29492.594 | ... AB84: =CUSTOS_nominal!AB84*VLOOKUP(AB$1,deflatores_ipca!$B$2:$E$61,4,FALSE) -> 21015.065 | AE84: =CUSTOS_nominal!AE84*VLOOKUP(AE$1,deflatores_ipca!$B$2:$E$61,4,FALSE) -> 6455.5574 | AF84: =CUSTOS_nominal!AF84*VLOOKUP(AF$1,deflatores_ipca!$B$2:$E$61,4,FALSE) -> 16326.333 | AG84: =CUSTOS_nominal!AG84*VLOOKUP(AG$1,deflatores_ipca!$B$2:$E$61,4,FALSE) -> 18956.742 | AH84: =CUSTOS_nominal!AH84*VLOOKUP(AH$1,deflatores_ipca!$B$2:$E$61,4,FALSE) -> 18054.365 | AI84: =CUSTOS_nominal!AI84*VLOOKUP(AI$1,deflatores_ipca!$B$2:$E$61,4,FALSE) -> 14305.389 | AJ84: =CUSTOS_nominal!AJ84*VLOOKUP(AJ$1,deflatores_ipca!$B$2:$E$61,4,FALSE) -> 15245.245 | AK84: =CUSTOS_nominal!AK84*VLOOKUP(AK$1,deflatores_ipca!$B$2:$E$61,4,FALSE) -> 14537.941 | AL84: =CUSTOS_nominal!AL84*VLOOKUP(AL$1,deflatores_ipca!$B$2:$E$61,4,FALSE) -> 15359.766 | ... AO84: =CUSTOS_nominal!AO84*VLOOKUP(AO$1,deflatores_ipca!$B$2:$E$61,4,FALSE) -> 0 | AQ84: =CUSTOS_nominal!AQ84*VLOOKUP(AQ$1,deflatores_ipca!$B$2:$E$61,4,FALSE) -> 0 | AR84: =CUSTOS_nominal!AR84*VLOOKUP(AR$1,deflatores_ipca!$B$2:$E$61,4,FALSE) -> 0 | AS84: =CUSTOS_nominal!AS84*VLOOKUP(AS$1,deflatores_ipca!$B$2:$E$61,4,FALSE) -> 0 | AT84: =CUSTOS_nominal!AT84*VLOOKUP(AT$1,deflatores_ipca!$B$2:$E$61,4,FALSE) -> 0 | AU84: =CUSTOS_nominal!AU84*VLOOKUP(AU$1,deflatores_ipca!$B$2:$E$61,4,FALSE) -> 0 | AV84: =CUSTOS_nominal!AV84*VLOOKUP(AV$1,deflatores_ipca!$B$2:$E$61,4,FALSE) -> 0 | AW84: =CUSTOS_nominal!AW84*VLOOKUP(AW$1,deflatores_ipca!$B$2:$E$61,4,FALSE) -> 0 | AX84: =CUSTOS_nominal!AX84*VLOOKUP(AX$1,deflatores_ipca!$B$2:$E$61,4,FALSE) -> 0 | ... BN84: =CUSTOS_nominal!BN84*VLOOKUP(BN$1,deflatores_ipca!$B$2:$E$61,4,FALSE) -> 0
A85: IBGE:2909406 | B85: BA | C85: Bahia | D85: COTEGIPE | E85: 2909406 | F85: MEDIO | G85: =CUSTOS_nominal!G85*VLOOKUP(G$1,deflatores_ipca!$B$2:$E$61,4,FALSE) -> 88026.747 | H85: =CUSTOS_nominal!H85*VLOOKUP(H$1,deflatores_ipca!$B$2:$E$61,4,FALSE) -> 86292.603 | I85: =CUSTOS_nominal!I85*VLOOKUP(I$1,deflatores_ipca!$B$2:$E$61,4,FALSE) -> 104793.98 | J85: =CUSTOS_nominal!J85*VLOOKUP(J$1,deflatores_ipca!$B$2:$E$61,4,FALSE) -> 95823.082 | K85: =CUSTOS_nominal!K85*VLOOKUP(K$1,deflatores_ipca!$B$2:$E$61,4,FALSE) -> 118879.98 | L85: =CUSTOS_nominal!L85*VLOOKUP(L$1,deflatores_ipca!$B$2:$E$61,4,FALSE) -> 113922.71 | M85: =CUSTOS_nominal!M85*VLOOKUP(M$1,deflatores_ipca!$B$2:$E$61,4,FALSE) -> 118049.63 | N85: =CUSTOS_nominal!N85*VLOOKUP(N$1,deflatores_ipca!$B$2:$E$61,4,FALSE) -> 115561.81 | ... AB85: =CUSTOS_nominal!AB85*VLOOKUP(AB$1,deflatores_ipca!$B$2:$E$61,4,FALSE) -> 159760.98 | AE85: =CUSTOS_nominal!AE85*VLOOKUP(AE$1,deflatores_ipca!$B$2:$E$61,4,FALSE) -> 141244.28 | AF85: =CUSTOS_nominal!AF85*VLOOKUP(AF$1,deflatores_ipca!$B$2:$E$61,4,FALSE) -> 162839.77 | AG85: =CUSTOS_nominal!AG85*VLOOKUP(AG$1,deflatores_ipca!$B$2:$E$61,4,FALSE) -> 72234.74 | AH85: =CUSTOS_nominal!AH85*VLOOKUP(AH$1,deflatores_ipca!$B$2:$E$61,4,FALSE) -> 98480.899 | AI85: =CUSTOS_nominal!AI85*VLOOKUP(AI$1,deflatores_ipca!$B$2:$E$61,4,FALSE) -> 96840.893 | AJ85: =CUSTOS_nominal!AJ85*VLOOKUP(AJ$1,deflatores_ipca!$B$2:$E$61,4,FALSE) -> 78547.883 | AK85: =CUSTOS_nominal!AK85*VLOOKUP(AK$1,deflatores_ipca!$B$2:$E$61,4,FALSE) -> 95656.505 | AL85: =CUSTOS_nominal!AL85*VLOOKUP(AL$1,deflatores_ipca!$B$2:$E$61,4,FALSE) -> 94719.581 | ... AO85: =CUSTOS_nominal!AO85*VLOOKUP(AO$1,deflatores_ipca!$B$2:$E$61,4,FALSE) -> 80061.545 | AQ85: =CUSTOS_nominal!AQ85*VLOOKUP(AQ$1,deflatores_ipca!$B$2:$E$61,4,FALSE) -> 92767.873 | AR85: =CUSTOS_nominal!AR85*VLOOKUP(AR$1,deflatores_ipca!$B$2:$E$61,4,FALSE) -> 85326.768 | AS85: =CUSTOS_nominal!AS85*VLOOKUP(AS$1,deflatores_ipca!$B$2:$E$61,4,FALSE) -> 0 | AT85: =CUSTOS_nominal!AT85*VLOOKUP(AT$1,deflatores_ipca!$B$2:$E$61,4,FALSE) -> 50592.807 | AU85: =CUSTOS_nominal!AU85*VLOOKUP(AU$1,deflatores_ipca!$B$2:$E$61,4,FALSE) -> 72433.025 | AV85: =CUSTOS_nominal!AV85*VLOOKUP(AV$1,deflatores_ipca!$B$2:$E$61,4,FALSE) -> 0 | AW85: =CUSTOS_nominal!AW85*VLOOKUP(AW$1,deflatores_ipca!$B$2:$E$61,4,FALSE) -> 0 | AX85: =CUSTOS_nominal!AX85*VLOOKUP(AX$1,deflatores_ipca!$B$2:$E$61,4,FALSE) -> 0 | ... BN85: =CUSTOS_nominal!BN85*VLOOKUP(BN$1,deflatores_ipca!$B$2:$E$61,4,FALSE) -> 0
... A90: IBGE:2910701 | B90: BA | C90: Bahia | D90: EUCLIDES DA CUNHA | E90: 2910701 | F90: MEDIO | G90: =CUSTOS_nominal!G90*VLOOKUP(G$1,deflatores_ipca!$B$2:$E$61,4,FALSE) -> 62364.686 | H90: =CUSTOS_nominal!H90*VLOOKUP(H$1,deflatores_ipca!$B$2:$E$61,4,FALSE) -> 65908.428 | I90: =CUSTOS_nominal!I90*VLOOKUP(I$1,deflatores_ipca!$B$2:$E$61,4,FALSE) -> 58952.754 | J90: =CUSTOS_nominal!J90*VLOOKUP(J$1,deflatores_ipca!$B$2:$E$61,4,FALSE) -> 57854.373 | K90: =CUSTOS_nominal!K90*VLOOKUP(K$1,deflatores_ipca!$B$2:$E$61,4,FALSE) -> 56252.883 | L90: =CUSTOS_nominal!L90*VLOOKUP(L$1,deflatores_ipca!$B$2:$E$61,4,FALSE) -> 57949.754 | M90: =CUSTOS_nominal!M90*VLOOKUP(M$1,deflatores_ipca!$B$2:$E$61,4,FALSE) -> 55013.287 | N90: =CUSTOS_nominal!N90*VLOOKUP(N$1,deflatores_ipca!$B$2:$E$61,4,FALSE) -> 58492.006 | ... AB90: =CUSTOS_nominal!AB90*VLOOKUP(AB$1,deflatores_ipca!$B$2:$E$61,4,FALSE) -> 38214.997 | AE90: =CUSTOS_nominal!AE90*VLOOKUP(AE$1,deflatores_ipca!$B$2:$E$61,4,FALSE) -> 34851.225 | AF90: =CUSTOS_nominal!AF90*VLOOKUP(AF$1,deflatores_ipca!$B$2:$E$61,4,FALSE) -> 40684.874 | AG90: =CUSTOS_nominal!AG90*VLOOKUP(AG$1,deflatores_ipca!$B$2:$E$61,4,FALSE) -> 46870.324 | AH90: =CUSTOS_nominal!AH90*VLOOKUP(AH$1,deflatores_ipca!$B$2:$E$61,4,FALSE) -> 30385.626 | AI90: =CUSTOS_nominal!AI90*VLOOKUP(AI$1,deflatores_ipca!$B$2:$E$61,4,FALSE) -> 38834.53 | AJ90: =CUSTOS_nominal!AJ90*VLOOKUP(AJ$1,deflatores_ipca!$B$2:$E$61,4,FALSE) -> 53431.115 | AK90: =CUSTOS_nominal!AK90*VLOOKUP(AK$1,deflatores_ipca!$B$2:$E$61,4,FALSE) -> 42965.36 | AL90: =CUSTOS_nominal!AL90*VLOOKUP(AL$1,deflatores_ipca!$B$2:$E$61,4,FALSE) -> 49600.73 | ... AO90: =CUSTOS_nominal!AO90*VLOOKUP(AO$1,deflatores_ipca!$B$2:$E$61,4,FALSE) -> 47253.332 | AQ90: =CUSTOS_nominal!AQ90*VLOOKUP(AQ$1,deflatores_ipca!$B$2:$E$61,4,FALSE) -> 55289.794 | AR90: =CUSTOS_nominal!AR90*VLOOKUP(AR$1,deflatores_ipca!$B$2:$E$61,4,FALSE) -> 43277.903 | AS90: =CUSTOS_nominal!AS90*VLOOKUP(AS$1,deflatores_ipca!$B$2:$E$61,4,FALSE) -> 42110.196 | AT90: =CUSTOS_nominal!AT90*VLOOKUP(AT$1,deflatores_ipca!$B$2:$E$61,4,FALSE) -> 43731.354 | AU90: =CUSTOS_nominal!AU90*VLOOKUP(AU$1,deflatores_ipca!$B$2:$E$61,4,FALSE) -> 43306.315 | AV90: =CUSTOS_nominal!AV90*VLOOKUP(AV$1,deflatores_ipca!$B$2:$E$61,4,FALSE) -> 42154.988 | AW90: =CUSTOS_nominal!AW90*VLOOKUP(AW$1,deflatores_ipca!$B$2:$E$61,4,FALSE) -> 36455.352 | AX90: =CUSTOS_nominal!AX90*VLOOKUP(AX$1,deflatores_ipca!$B$2:$E$61,4,FALSE) -> 38555.757 | ... BN90: =CUSTOS_nominal!BN90*VLOOKUP(BN$1,deflatores_ipca!$B$2:$E$61,4,FALSE) -> 36815.97
A91: IBGE:2910800 | B91: BA | C91: Bahia | D91: FEIRA DE SANTANA | E91: 2910800 | F91: MEDIO | G91: =CUSTOS_nominal!G91*VLOOKUP(G$1,deflatores_ipca!$B$2:$E$61,4,FALSE) -> 53495.613 | H91: =CUSTOS_nominal!H91*VLOOKUP(H$1,deflatores_ipca!$B$2:$E$61,4,FALSE) -> 40962.957 | I91: =CUSTOS_nominal!I91*VLOOKUP(I$1,deflatores_ipca!$B$2:$E$61,4,FALSE) -> 46843.939 | J91: =CUSTOS_nominal!J91*VLOOKUP(J$1,deflatores_ipca!$B$2:$E$61,4,FALSE) -> 32583.846 | K91: =CUSTOS_nominal!K91*VLOOKUP(K$1,deflatores_ipca!$B$2:$E$61,4,FALSE) -> 0 | L91: =CUSTOS_nominal!L91*VLOOKUP(L$1,deflatores_ipca!$B$2:$E$61,4,FALSE) -> 0 | M91: =CUSTOS_nominal!M91*VLOOKUP(M$1,deflatores_ipca!$B$2:$E$61,4,FALSE) -> 0 | N91: =CUSTOS_nominal!N91*VLOOKUP(N$1,deflatores_ipca!$B$2:$E$61,4,FALSE) -> 0 | ... R91: =CUSTOS_nominal!R91*VLOOKUP(R$1,deflatores_ipca!$B$2:$E$61,4,FALSE) -> 0 | AE91: =CUSTOS_nominal!AE91*VLOOKUP(AE$1,deflatores_ipca!$B$2:$E$61,4,FALSE) -> 0 | AF91: =CUSTOS_nominal!AF91*VLOOKUP(AF$1,deflatores_ipca!$B$2:$E$61,4,FALSE) -> 0 | AG91: =CUSTOS_nominal!AG91*VLOOKUP(AG$1,deflatores_ipca!$B$2:$E$61,4,FALSE) -> 16552.166 | AH91: =CUSTOS_nominal!AH91*VLOOKUP(AH$1,deflatores_ipca!$B$2:$E$61,4,FALSE) -> 22416.085 | AI91: =CUSTOS_nominal!AI91*VLOOKUP(AI$1,deflatores_ipca!$B$2:$E$61,4,FALSE) -> 28904.349 | AJ91: =CUSTOS_nominal!AJ91*VLOOKUP(AJ$1,deflatores_ipca!$B$2:$E$61,4,FALSE) -> 27845.549 | AK91: =CUSTOS_nominal!AK91*VLOOKUP(AK$1,deflatores_ipca!$B$2:$E$61,4,FALSE) -> 20522.798 | AL91: =CUSTOS_nominal!AL91*VLOOKUP(AL$1,deflatores_ipca!$B$2:$E$61,4,FALSE) -> 20888.103 | ... AO91: =CUSTOS_nominal!AO91*VLOOKUP(AO$1,deflatores_ipca!$B$2:$E$61,4,FALSE) -> 21459.729 | AQ91: =CUSTOS_nominal!AQ91*VLOOKUP(AQ$1,deflatores_ipca!$B$2:$E$61,4,FALSE) -> 32779.772 | AR91: =CUSTOS_nominal!AR91*VLOOKUP(AR$1,deflatores_ipca!$B$2:$E$61,4,FALSE) -> 31525.032 | AS91: =CUSTOS_nominal!AS91*VLOOKUP(AS$1,deflatores_ipca!$B$2:$E$61,4,FALSE) -> 25129.761 | AT91: =CUSTOS_nominal!AT91*VLOOKUP(AT$1,deflatores_ipca!$B$2:$E$61,4,FALSE) -> 29956.476 | AU91: =CUSTOS_nominal!AU91*VLOOKUP(AU$1,deflatores_ipca!$B$2:$E$61,4,FALSE) -> 20966.348 | AV91: =CUSTOS_nominal!AV91*VLOOKUP(AV$1,deflatores_ipca!$B$2:$E$61,4,FALSE) -> 0 | AW91: =CUSTOS_nominal!AW91*VLOOKUP(AW$1,deflatores_ipca!$B$2:$E$61,4,FALSE) -> 0 | AX91: =CUSTOS_nominal!AX91*VLOOKUP(AX$1,deflatores_ipca!$B$2:$E$61,4,FALSE) -> 33202.731 | ... BN91: =CUSTOS_nominal!BN91*VLOOKUP(BN$1,deflatores_ipca!$B$2:$E$61,4,FALSE) -> 0
A92: IBGE:2910859 | B92: BA | C92: Bahia | D92: FILADELFIA | E92: 2910859 | F92: MEDIO | G92: =CUSTOS_nominal!G92*VLOOKUP(G$1,deflatores_ipca!$B$2:$E$61,4,FALSE) -> 77129.472 | H92: =CUSTOS_nominal!H92*VLOOKUP(H$1,deflatores_ipca!$B$2:$E$61,4,FALSE) -> 74533.976 | I92: =CUSTOS_nominal!I92*VLOOKUP(I$1,deflatores_ipca!$B$2:$E$61,4,FALSE) -> 74538.707 | J92: =CUSTOS_nominal!J92*VLOOKUP(J$1,deflatores_ipca!$B$2:$E$61,4,FALSE) -> 73330.446 | K92: =CUSTOS_nominal!K92*VLOOKUP(K$1,deflatores_ipca!$B$2:$E$61,4,FALSE) -> 47707.361 | L92: =CUSTOS_nominal!L92*VLOOKUP(L$1,deflatores_ipca!$B$2:$E$61,4,FALSE) -> 51361.696 | M92: =CUSTOS_nominal!M92*VLOOKUP(M$1,deflatores_ipca!$B$2:$E$61,4,FALSE) -> 48465.823 | N92: =CUSTOS_nominal!N92*VLOOKUP(N$1,deflatores_ipca!$B$2:$E$61,4,FALSE) -> 52148.303 | ... AB92: =CUSTOS_nominal!AB92*VLOOKUP(AB$1,deflatores_ipca!$B$2:$E$61,4,FALSE) -> 39639.201 | AE92: =CUSTOS_nominal!AE92*VLOOKUP(AE$1,deflatores_ipca!$B$2:$E$61,4,FALSE) -> 36998.198 | AF92: =CUSTOS_nominal!AF92*VLOOKUP(AF$1,deflatores_ipca!$B$2:$E$61,4,FALSE) -> 44762.746 | AG92: =CUSTOS_nominal!AG92*VLOOKUP(AG$1,deflatores_ipca!$B$2:$E$61,4,FALSE) -> 45187.071 | AH92: =CUSTOS_nominal!AH92*VLOOKUP(AH$1,deflatores_ipca!$B$2:$E$61,4,FALSE) -> 42432.763 | AI92: =CUSTOS_nominal!AI92*VLOOKUP(AI$1,deflatores_ipca!$B$2:$E$61,4,FALSE) -> 42213.28 | AJ92: =CUSTOS_nominal!AJ92*VLOOKUP(AJ$1,deflatores_ipca!$B$2:$E$61,4,FALSE) -> 51434.079 | AK92: =CUSTOS_nominal!AK92*VLOOKUP(AK$1,deflatores_ipca!$B$2:$E$61,4,FALSE) -> 48013.263 | AL92: =CUSTOS_nominal!AL92*VLOOKUP(AL$1,deflatores_ipca!$B$2:$E$61,4,FALSE) -> 47892.557 | ... AO92: =CUSTOS_nominal!AO92*VLOOKUP(AO$1,deflatores_ipca!$B$2:$E$61,4,FALSE) -> 47568.052 | AQ92: =CUSTOS_nominal!AQ92*VLOOKUP(AQ$1,deflatores_ipca!$B$2:$E$61,4,FALSE) -> 18492.574 | AR92: =CUSTOS_nominal!AR92*VLOOKUP(AR$1,deflatores_ipca!$B$2:$E$61,4,FALSE) -> 36179.269 | AS92: =CUSTOS_nominal!AS92*VLOOKUP(AS$1,deflatores_ipca!$B$2:$E$61,4,FALSE) -> 36034.475 | AT92: =CUSTOS_nominal!AT92*VLOOKUP(AT$1,deflatores_ipca!$B$2:$E$61,4,FALSE) -> 39302.278 | AU92: =CUSTOS_nominal!AU92*VLOOKUP(AU$1,deflatores_ipca!$B$2:$E$61,4,FALSE) -> 29573.939 | AV92: =CUSTOS_nominal!AV92*VLOOKUP(AV$1,deflatores_ipca!$B$2:$E$61,4,FALSE) -> 35291.909 | AW92: =CUSTOS_nominal!AW92*VLOOKUP(AW$1,deflatores_ipca!$B$2:$E$61,4,FALSE) -> 37888.066 | AX92: =CUSTOS_nominal!AX92*VLOOKUP(AX$1,deflatores_ipca!$B$2:$E$61,4,FALSE) -> 34422.845 | ... BN92: =CUSTOS_nominal!BN92*VLOOKUP(BN$1,deflatores_ipca!$B$2:$E$61,4,FALSE) -> 0
A93: IBGE:2911105 | B93: BA | C93: Bahia | D93: FORMOSA DO RIO PRETO | E93: 2911105 | F93: MEDIO | G93: =CUSTOS_nominal!G93*VLOOKUP(G$1,deflatores_ipca!$B$2:$E$61,4,FALSE) -> 51078.741 | H93: =CUSTOS_nominal!H93*VLOOKUP(H$1,deflatores_ipca!$B$2:$E$61,4,FALSE) -> 52914.478 | I93: =CUSTOS_nominal!I93*VLOOKUP(I$1,deflatores_ipca!$B$2:$E$61,4,FALSE) -> 58365.643 | J93: =CUSTOS_nominal!J93*VLOOKUP(J$1,deflatores_ipca!$B$2:$E$61,4,FALSE) -> 45831.125 | K93: =CUSTOS_nominal!K93*VLOOKUP(K$1,deflatores_ipca!$B$2:$E$61,4,FALSE) -> 54886.979 | L93: =CUSTOS_nominal!L93*VLOOKUP(L$1,deflatores_ipca!$B$2:$E$61,4,FALSE) -> 48785.455 | M93: =CUSTOS_nominal!M93*VLOOKUP(M$1,deflatores_ipca!$B$2:$E$61,4,FALSE) -> 54118.005 | N93: =CUSTOS_nominal!N93*VLOOKUP(N$1,deflatores_ipca!$B$2:$E$61,4,FALSE) -> 62189.702 | ... AB93: =CUSTOS_nominal!AB93*VLOOKUP(AB$1,deflatores_ipca!$B$2:$E$61,4,FALSE) -> 37403.864 | AE93: =CUSTOS_nominal!AE93*VLOOKUP(AE$1,deflatores_ipca!$B$2:$E$61,4,FALSE) -> 33140.694 | AF93: =CUSTOS_nominal!AF93*VLOOKUP(AF$1,deflatores_ipca!$B$2:$E$61,4,FALSE) -> 29596.46 | AG93: =CUSTOS_nominal!AG93*VLOOKUP(AG$1,deflatores_ipca!$B$2:$E$61,4,FALSE) -> 42546.92 | AH93: =CUSTOS_nominal!AH93*VLOOKUP(AH$1,deflatores_ipca!$B$2:$E$61,4,FALSE) -> 40092.206 | AI93: =CUSTOS_nominal!AI93*VLOOKUP(AI$1,deflatores_ipca!$B$2:$E$61,4,FALSE) -> 20076.383 | AJ93: =CUSTOS_nominal!AJ93*VLOOKUP(AJ$1,deflatores_ipca!$B$2:$E$61,4,FALSE) -> 31796.99 | AK93: =CUSTOS_nominal!AK93*VLOOKUP(AK$1,deflatores_ipca!$B$2:$E$61,4,FALSE) -> 40980.333 | AL93: =CUSTOS_nominal!AL93*VLOOKUP(AL$1,deflatores_ipca!$B$2:$E$61,4,FALSE) -> 32382.571 | ... AO93: =CUSTOS_nominal!AO93*VLOOKUP(AO$1,deflatores_ipca!$B$2:$E$61,4,FALSE) -> 0 | AQ93: =CUSTOS_nominal!AQ93*VLOOKUP(AQ$1,deflatores_ipca!$B$2:$E$61,4,FALSE) -> 0 | AR93: =CUSTOS_nominal!AR93*VLOOKUP(AR$1,deflatores_ipca!$B$2:$E$61,4,FALSE) -> 0 | AS93: =CUSTOS_nominal!AS93*VLOOKUP(AS$1,deflatores_ipca!$B$2:$E$61,4,FALSE) -> 0 | AT93: =CUSTOS_nominal!AT93*VLOOKUP(AT$1,deflatores_ipca!$B$2:$E$61,4,FALSE) -> 0 | AU93: =CUSTOS_nominal!AU93*VLOOKUP(AU$1,deflatores_ipca!$B$2:$E$61,4,FALSE) -> 0 | AV93: =CUSTOS_nominal!AV93*VLOOKUP(AV$1,deflatores_ipca!$B$2:$E$61,4,FALSE) -> 0 | AW93: =CUSTOS_nominal!AW93*VLOOKUP(AW$1,deflatores_ipca!$B$2:$E$61,4,FALSE) -> 0 | AX93: =CUSTOS_nominal!AX93*VLOOKUP(AX$1,deflatores_ipca!$B$2:$E$61,4,FALSE) -> 0 | ... BN93: =CUSTOS_nominal!BN93*VLOOKUP(BN$1,deflatores_ipca!$B$2:$E$61,4,FALSE) -> 0
